sido,sigungu,dong,dong_code
강원특별자치도,강릉시,강남동,51150615
강원특별자치도,강릉시,강동면,51150340
강원특별자치도,강릉시,경포동,51150665
강원특별자치도,강릉시,교1동,51150550
강원특별자치도,강릉시,교2동,51150560
강원특별자치도,강릉시,구정면,51150330
강원특별자치도,강릉시,내곡동,51150600
강원특별자치도,강릉시,사천면,51150360
강원특별자치도,강릉시,성덕동,51150645
강원특별자치도,강릉시,성산면,51150310
강원특별자치도,강릉시,송정동,51150590
강원특별자치도,강릉시,연곡면,51150370
강원특별자치도,강릉시,옥계면,51150350
강원특별자치도,강릉시,옥천동,51150540
강원특별자치도,강릉시,왕산면,51150320
강원특별자치도,강릉시,주문진읍,51150250
강원특별자치도,강릉시,중앙동,51150520
강원특별자치도,강릉시,초당동,51150580
강원특별자치도,강릉시,포남1동,51150571
강원특별자치도,강릉시,포남2동,51150572
강원특별자치도,강릉시,홍제동,51150510
강원특별자치도,고성군,간성읍,51820250
강원특별자치도,고성군,거진읍,51820253
강원특별자치도,고성군,수동면,51820340
강원특별자치도,고성군,죽왕면,51820320
강원특별자치도,고성군,토성면,51820330
강원특별자치도,고성군,현내면,51820310
강원특별자치도,동해시,동호동,51170550
강원특별자치도,동해시,망상동,51170630
강원특별자치도,동해시,묵호동,51170590
강원특별자치도,동해시,발한동,51170570
강원특별자치도,동해시,부곡동,51170540
강원특별자치도,동해시,북삼동,51170530
강원특별자치도,동해시,북평동,51170600
강원특별자치도,동해시,삼화동,51170650
강원특별자치도,동해시,송정동,51170520
강원특별자치도,동해시,천곡동,51170510
강원특별자치도,삼척시,가곡면,51230350
강원특별자치도,삼척시,교동,51230530
강원특별자치도,삼척시,근덕면,51230310
강원특별자치도,삼척시,남양동,51230510
강원특별자치도,삼척시,노곡면,51230330
강원특별자치도,삼척시,도계읍,51230250
강원특별자치도,삼척시,미로면,51230340
강원특별자치도,삼척시,성내동,51230570
강원특별자치도,삼척시,신기면,51230360
강원특별자치도,삼척시,원덕읍,51230253
강원특별자치도,삼척시,정라동,51230540
강원특별자치도,삼척시,하장면,51230320
강원특별자치도,속초시,교동,51210560
강원특별자치도,속초시,금호동,51210540
강원특별자치도,속초시,노학동,51210570
강원특별자치도,속초시,대포동,51210600
강원특별자치도,속초시,동명동,51210520
강원특별자치도,속초시,영랑동,51210510
강원특별자치도,속초시,조양동,51210580
강원특별자치도,속초시,청호동,51210590
강원특별자치도,양구군,국토정중앙면,51800315
강원특별자치도,양구군,동면,51800320
강원특별자치도,양구군,방산면,51800330
강원특별자치도,양구군,양구읍,51800250
강원특별자치도,양구군,해안면,51800340
강원특별자치도,양양군,강현면,51830350
강원특별자치도,양양군,서면,51830310
강원특별자치도,양양군,손양면,51830320
강원특별자치도,양양군,양양읍,51830250
강원특별자치도,양양군,현남면,51830340
강원특별자치도,양양군,현북면,51830330
강원특별자치도,영월군,김삿갓면,51750325
강원특별자치도,영월군,남면,51750340
강원특별자치도,영월군,무릉도원면,51750380
강원특별자치도,영월군,북면,51750330
강원특별자치도,영월군,산솔면,51750312
강원특별자치도,영월군,상동읍,51750253
강원특별자치도,영월군,영월읍,51750250
강원특별자치도,영월군,주천면,51750360
강원특별자치도,영월군,한반도면,51750355
강원특별자치도,원주시,개운동,51130530
강원특별자치도,원주시,귀래면,51130360
강원특별자치도,원주시,단계동,51130590
강원특별자치도,원주시,단구동,51130550
강원특별자치도,원주시,명륜1동,51130541
강원특별자치도,원주시,명륜2동,51130542
강원특별자치도,원주시,무실동,51130660
강원특별자치도,원주시,문막읍,51130250
강원특별자치도,원주시,반곡관설동,51130675
강원특별자치도,원주시,봉산동,51130635
강원특별자치도,원주시,부론면,51130350
강원특별자치도,원주시,소초면,51130310
강원특별자치도,원주시,신림면,51130390
강원특별자치도,원주시,우산동,51130600
강원특별자치도,원주시,원인동,51130520
강원특별자치도,원주시,일산동,51130560
강원특별자치도,원주시,중앙동,51130515
강원특별자치도,원주시,지정면,51130330
강원특별자치도,원주시,태장1동,51130610
강원특별자치도,원주시,태장2동,51130620
강원특별자치도,원주시,판부면,51130380
강원특별자치도,원주시,학성동,51130575
강원특별자치도,원주시,행구동,51130650
강원특별자치도,원주시,호저면,51130320
강원특별자치도,원주시,흥업면,51130370
강원특별자치도,인제군,기린면,51810330
강원특별자치도,인제군,남면,51810310
강원특별자치도,인제군,북면,51810320
강원특별자치도,인제군,상남면,51810350
강원특별자치도,인제군,서화면,51810340
강원특별자치도,인제군,인제읍,51810250
강원특별자치도,정선군,고한읍,51770253
강원특별자치도,정선군,남면,51770320
강원특별자치도,정선군,북평면,51770340
강원특별자치도,정선군,사북읍,51770256
강원특별자치도,정선군,신동읍,51770259
강원특별자치도,정선군,여량면,51770370
강원특별자치도,정선군,임계면,51770350
강원특별자치도,정선군,정선읍,51770250
강원특별자치도,정선군,화암면,51770360
강원특별자치도,철원군,갈말읍,51780256
강원특별자치도,철원군,근남면,51780320
강원특별자치도,철원군,근동면,51780340
강원특별자치도,철원군,근북면,51780330
강원특별자치도,철원군,김화읍,51780253
강원특별자치도,철원군,동송읍,51780259
강원특별자치도,철원군,서면,51780310
강원특별자치도,철원군,원남면,51780360
강원특별자치도,철원군,원동면,51780350
강원특별자치도,철원군,임남면,51780370
강원특별자치도,철원군,철원읍,51780250
강원특별자치도,춘천시,강남동,51110675
강원특별자치도,춘천시,교동,51110520
강원특별자치도,춘천시,근화동,51110570
강원특별자치도,춘천시,남면,51110340
강원특별자치도,춘천시,남산면,51110400
강원특별자치도,춘천시,동내면,51110390
강원특별자치도,춘천시,동면,51110310
강원특별자치도,춘천시,동산면,51110320
강원특별자치도,춘천시,북산면,51110380
강원특별자치도,춘천시,사북면,51110360
강원특별자치도,춘천시,서면,51110350
강원특별자치도,춘천시,석사동,51110650
강원특별자치도,춘천시,소양동,51110580
강원특별자치도,춘천시,신동면,51110330
강원특별자치도,춘천시,신북읍,51110250
강원특별자치도,춘천시,신사우동,51110705
강원특별자치도,춘천시,약사명동,51110545
강원특별자치도,춘천시,조운동,51110530
강원특별자치도,춘천시,퇴계동,51110660
강원특별자치도,춘천시,효자1동,51110620
강원특별자치도,춘천시,효자2동,51110630
강원특별자치도,춘천시,효자3동,51110640
강원특별자치도,춘천시,후평1동,51110600
강원특별자치도,춘천시,후평2동,51110610
강원특별자치도,춘천시,후평3동,51110611
강원특별자치도,태백시,구문소동,51190605
강원특별자치도,태백시,문곡소도동,51190585
강원특별자치도,태백시,삼수동,51190535
강원특별자치도,태백시,상장동,51190540
강원특별자치도,태백시,장성동,51190595
강원특별자치도,태백시,철암동,51190615
강원특별자치도,태백시,황연동,51190525
강원특별자치도,태백시,황지동,51190515
강원특별자치도,평창군,대관령면,51760380
강원특별자치도,평창군,대화면,51760330
강원특별자치도,평창군,미탄면,51760310
강원특별자치도,평창군,방림면,51760320
강원특별자치도,평창군,봉평면,51760340
강원특별자치도,평창군,용평면,51760350
강원특별자치도,평창군,진부면,51760360
강원특별자치도,평창군,평창읍,51760250
강원특별자치도,홍천군,남면,51720360
강원특별자치도,홍천군,내면,51720390
강원특별자치도,홍천군,내촌면,51720330
강원특별자치도,홍천군,두촌면,51720320
강원특별자치도,홍천군,북방면,51720380
강원특별자치도,홍천군,서면,51720370
강원특별자치도,홍천군,서석면,51720340
강원특별자치도,홍천군,영귀미면,51720352
강원특별자치도,홍천군,홍천읍,51720250
강원특별자치도,홍천군,화촌면,51720310
강원특별자치도,화천군,간동면,51790310
강원특별자치도,화천군,사내면,51790340
강원특별자치도,화천군,상서면,51790330
강원특별자치도,화천군,하남면,51790320
강원특별자치도,화천군,화천읍,51790250
강원특별자치도,횡성군,갑천면,51730340
강원특별자치도,횡성군,강림면,51730380
강원특별자치도,횡성군,공근면,51730360
강원특별자치도,횡성군,둔내면,51730330
강원특별자치도,횡성군,서원면,51730370
강원특별자치도,횡성군,안흥면,51730320
강원특별자치도,횡성군,우천면,51730310
강원특별자치도,횡성군,청일면,51730350
강원특별자치도,횡성군,횡성읍,51730250
경기도,가평군,가평읍,41820250
경기도,가평군,북면,41820350
경기도,가평군,상면,41820330
경기도,가평군,설악면,41820310
경기도,가평군,조종면,41820345
경기도,가평군,청평면,41820325
경기도,고양시 덕양구,고양동,41281590
경기도,고양시 덕양구,관산동,41281600
경기도,고양시 덕양구,능곡동,41281610
경기도,고양시 덕양구,대덕동,41281670
경기도,고양시 덕양구,삼송1동,41281576
경기도,고양시 덕양구,삼송2동,41281577
경기도,고양시 덕양구,성사1동,41281540
경기도,고양시 덕양구,성사2동,41281550
경기도,고양시 덕양구,원신동,41281520
경기도,고양시 덕양구,주교동,41281510
경기도,고양시 덕양구,창릉동,41281580
경기도,고양시 덕양구,행신1동,41281640
경기도,고양시 덕양구,행신2동,41281650
경기도,고양시 덕양구,행신3동,41281655
경기도,고양시 덕양구,행신4동,41281656
경기도,고양시 덕양구,행주동,41281630
경기도,고양시 덕양구,화전동,41281660
경기도,고양시 덕양구,화정1동,41281621
경기도,고양시 덕양구,화정2동,41281622
경기도,고양시 덕양구,효자동,41281560
경기도,고양시 덕양구,흥도동,41281530
경기도,고양시 일산동구,고봉동,41285600
경기도,고양시 일산동구,마두1동,41285560
경기도,고양시 일산동구,마두2동,41285570
경기도,고양시 일산동구,백석1동,41285551
경기도,고양시 일산동구,백석2동,41285552
경기도,고양시 일산동구,식사동,41285510
경기도,고양시 일산동구,장항1동,41285580
경기도,고양시 일산동구,장항2동,41285590
경기도,고양시 일산동구,정발산동,41285530
경기도,고양시 일산동구,중산1동,41285525
경기도,고양시 일산동구,중산2동,41285526
경기도,고양시 일산동구,풍산동,41285540
경기도,고양시 일산서구,가좌동,41287610
경기도,고양시 일산서구,대화동,41287570
경기도,고양시 일산서구,덕이동,41287600
경기도,고양시 일산서구,송포동,41287580
경기도,고양시 일산서구,일산1동,41287510
경기도,고양시 일산서구,일산2동,41287520
경기도,고양시 일산서구,일산3동,41287530
경기도,고양시 일산서구,주엽1동,41287550
경기도,고양시 일산서구,주엽2동,41287560
경기도,고양시 일산서구,탄현1동,41287545
경기도,고양시 일산서구,탄현2동,41287546
경기도,과천시,갈현동,41290520
경기도,과천시,과천동,41290550
경기도,과천시,문원동,41290560
경기도,과천시,별양동,41290530
경기도,과천시,부림동,41290540
경기도,과천시,원문동,41290515
경기도,과천시,중앙동,41290510
경기도,광명시,광명1동,41210510
경기도,광명시,광명2동,41210520
경기도,광명시,광명3동,41210540
경기도,광명시,광명4동,41210550
경기도,광명시,광명5동,41210560
경기도,광명시,광명6동,41210570
경기도,광명시,광명7동,41210580
경기도,광명시,소하1동,41210640
경기도,광명시,소하2동,41210650
경기도,광명시,일직동,41210655
경기도,광명시,철산1동,41210590
경기도,광명시,철산2동,41210600
경기도,광명시,철산3동,41210610
경기도,광명시,철산4동,41210620
경기도,광명시,하안1동,41210631
경기도,광명시,하안2동,41210632
경기도,광명시,하안3동,41210633
경기도,광명시,하안4동,41210634
경기도,광명시,학온동,41210660
경기도,광주시,경안동,41610510
경기도,광주시,곤지암읍,41610259
경기도,광주시,광남1동,41610560
경기도,광주시,광남2동,41610570
경기도,광주시,남종면,41610350
경기도,광주시,남한산성면,41610370
경기도,광주시,능평동,41610610
경기도,광주시,도척면,41610330
경기도,광주시,송정동,41610520
경기도,광주시,신현동,41610600
경기도,광주시,쌍령동,41610540
경기도,광주시,오포1동,41610580
경기도,광주시,오포2동,41610590
경기도,광주시,초월읍,41610253
경기도,광주시,탄벌동,41610550
경기도,광주시,퇴촌면,41610340
경기도,구리시,갈매동,41310510
경기도,구리시,교문1동,41310541
경기도,구리시,교문2동,41310542
경기도,구리시,동구동,41310520
경기도,구리시,수택1동,41310570
경기도,구리시,수택2동,41310580
경기도,구리시,수택3동,41310590
경기도,구리시,인창동,41310530
경기도,군포시,광정동,41410620
경기도,군포시,군포1동,41410510
경기도,군포시,군포2동,41410520
경기도,군포시,궁내동,41410600
경기도,군포시,금정동,41410560
경기도,군포시,대야동,41410610
경기도,군포시,산본1동,41410540
경기도,군포시,산본2동,41410550
경기도,군포시,송부동,41410630
경기도,군포시,수리동,41410590
경기도,군포시,오금동,41410580
경기도,군포시,재궁동,41410570
경기도,김포시,고촌읍,41570253
경기도,김포시,구래동,41570570
경기도,김포시,김포본동,41570515
경기도,김포시,대곶면,41570340
경기도,김포시,마산동,41570575
경기도,김포시,사우동,41570540
경기도,김포시,양촌읍,41570256
경기도,김포시,운양동,41570580
경기도,김포시,월곶면,41570350
경기도,김포시,장기동,41570560
경기도,김포시,장기본동,41570525
경기도,김포시,통진읍,41570250
경기도,김포시,풍무동,41570550
경기도,김포시,하성면,41570360
경기도,남양주시,금곡동,41360530
경기도,남양주시,다산1동,41360545
경기도,남양주시,다산2동,41360565
경기도,남양주시,별내동,41360570
경기도,남양주시,별내면,41360310
경기도,남양주시,수동면,41360340
경기도,남양주시,양정동,41360540
경기도,남양주시,오남읍,41360262
경기도,남양주시,와부읍,41360250
경기도,남양주시,조안면,41360360
경기도,남양주시,진건읍,41360259
경기도,남양주시,진접읍,41360253
경기도,남양주시,퇴계원읍,41360265
경기도,남양주시,평내동,41360520
경기도,남양주시,호평동,41360510
경기도,남양주시,화도읍,41360256
경기도,동두천시,보산동,41250550
경기도,동두천시,불현동,41250565
경기도,동두천시,상패동,41250600
경기도,동두천시,생연1동,41250510
경기도,동두천시,생연2동,41250520
경기도,동두천시,소요동,41250580
경기도,동두천시,송내동,41250566
경기도,동두천시,중앙동,41250535
경기도,부천시 소사구,괴안동,41194570
경기도,부천시 소사구,범박동,41194550
경기도,부천시 소사구,소사본1동,41194540
경기도,부천시 소사구,소사본동,41194530
경기도,부천시 소사구,송내1동,41194590
경기도,부천시 소사구,송내2동,41194600
경기도,부천시 소사구,심곡본1동,41194510
경기도,부천시 소사구,심곡본동,41194520
경기도,부천시 소사구,역곡3동,41194580
경기도,부천시 소사구,옥길동,41194560
경기도,부천시 오정구,고강1동,41196550
경기도,부천시 오정구,고강본동,41196540
경기도,부천시 오정구,성곡동,41196510
경기도,부천시 오정구,신흥동,41196570
경기도,부천시 오정구,오정동,41196560
경기도,부천시 오정구,원종1동,41196520
경기도,부천시 오정구,원종2동,41196530
경기도,부천시 원미구,도당동,41192600
경기도,부천시 원미구,상1동,41192680
경기도,부천시 원미구,상2동,41192690
경기도,부천시 원미구,상3동,41192700
경기도,부천시 원미구,상동,41192670
경기도,부천시 원미구,소사동,41192560
경기도,부천시 원미구,심곡1동,41192510
경기도,부천시 원미구,심곡2동,41192520
경기도,부천시 원미구,심곡3동,41192530
경기도,부천시 원미구,약대동,41192610
경기도,부천시 원미구,역곡1동,41192570
경기도,부천시 원미구,역곡2동,41192580
경기도,부천시 원미구,원미1동,41192540
경기도,부천시 원미구,원미2동,41192550
경기도,부천시 원미구,중1동,41192630
경기도,부천시 원미구,중2동,41192640
경기도,부천시 원미구,중3동,41192650
경기도,부천시 원미구,중4동,41192660
경기도,부천시 원미구,중동,41192620
경기도,부천시 원미구,춘의동,41192590
경기도,성남시 분당구,구미1동,41135665
경기도,성남시 분당구,구미동,41135670
경기도,성남시 분당구,금곡동,41135662
경기도,성남시 분당구,백현동,41135657
경기도,성남시 분당구,분당동,41135510
경기도,성남시 분당구,삼평동,41135655
경기도,성남시 분당구,서현1동,41135580
경기도,성남시 분당구,서현2동,41135590
경기도,성남시 분당구,수내1동,41135520
경기도,성남시 분당구,수내2동,41135530
경기도,성남시 분당구,수내3동,41135540
경기도,성남시 분당구,야탑1동,41135620
경기도,성남시 분당구,야탑2동,41135630
경기도,성남시 분당구,야탑3동,41135640
경기도,성남시 분당구,운중동,41135680
경기도,성남시 분당구,이매1동,41135600
경기도,성남시 분당구,이매2동,41135610
경기도,성남시 분당구,정자1동,41135550
경기도,성남시 분당구,정자2동,41135560
경기도,성남시 분당구,정자3동,41135570
경기도,성남시 분당구,정자동,41135545
경기도,성남시 분당구,판교동,41135650
경기도,성남시 수정구,고등동,41131640
경기도,성남시 수정구,단대동,41131590
경기도,성남시 수정구,복정동,41131620
경기도,성남시 수정구,산성동,41131600
경기도,성남시 수정구,수진1동,41131570
경기도,성남시 수정구,수진2동,41131580
경기도,성남시 수정구,시흥동,41131650
경기도,성남시 수정구,신촌동,41131630
경기도,성남시 수정구,신흥1동,41131510
경기도,성남시 수정구,신흥2동,41131520
경기도,성남시 수정구,신흥3동,41131530
경기도,성남시 수정구,양지동,41131610
경기도,성남시 수정구,위례동,41131625
경기도,성남시 수정구,태평1동,41131540
경기도,성남시 수정구,태평2동,41131550
경기도,성남시 수정구,태평3동,41131560
경기도,성남시 수정구,태평4동,41131561
경기도,성남시 중원구,금광1동,41133530
경기도,성남시 중원구,금광2동,41133540
경기도,성남시 중원구,도촌동,41133670
경기도,성남시 중원구,상대원1동,41133570
경기도,성남시 중원구,상대원2동,41133580
경기도,성남시 중원구,상대원3동,41133590
경기도,성남시 중원구,성남동,41133510
경기도,성남시 중원구,은행1동,41133550
경기도,성남시 중원구,은행2동,41133560
경기도,성남시 중원구,중앙동,41133525
경기도,성남시 중원구,하대원동,41133660
경기도,수원시 권선구,곡선동,41113690
경기도,수원시 권선구,구운동,41113650
경기도,수원시 권선구,권선1동,41113670
경기도,수원시 권선구,권선2동,41113680
경기도,수원시 권선구,금곡동,41113662
경기도,수원시 권선구,서둔동,41113560
경기도,수원시 권선구,세류1동,41113520
경기도,수원시 권선구,세류2동,41113530
경기도,수원시 권선구,세류3동,41113540
경기도,수원시 권선구,입북동,41113700
경기도,수원시 권선구,평동,41113550
경기도,수원시 권선구,호매실동,41113664
경기도,수원시 영통구,광교1동,41117600
경기도,수원시 영통구,광교2동,41117610
경기도,수원시 영통구,망포1동,41117593
경기도,수원시 영통구,망포2동,41117596
경기도,수원시 영통구,매탄1동,41117510
경기도,수원시 영통구,매탄2동,41117520
경기도,수원시 영통구,매탄3동,41117530
경기도,수원시 영통구,매탄4동,41117540
경기도,수원시 영통구,영통1동,41117570
경기도,수원시 영통구,영통2동,41117580
경기도,수원시 영통구,영통3동,41117585
경기도,수원시 영통구,원천동,41117550
경기도,수원시 장안구,송죽동,41111591
경기도,수원시 장안구,연무동,41111600
경기도,수원시 장안구,영화동,41111580
경기도,수원시 장안구,율천동,41111566
경기도,수원시 장안구,정자1동,41111571
경기도,수원시 장안구,정자2동,41111572
경기도,수원시 장안구,정자3동,41111573
경기도,수원시 장안구,조원1동,41111597
경기도,수원시 장안구,조원2동,41111598
경기도,수원시 장안구,파장동,41111560
경기도,수원시 팔달구,고등동,41115670
경기도,수원시 팔달구,매교동,41115650
경기도,수원시 팔달구,매산동,41115660
경기도,수원시 팔달구,우만1동,41115710
경기도,수원시 팔달구,우만2동,41115720
경기도,수원시 팔달구,인계동,41115730
경기도,수원시 팔달구,지동,41115700
경기도,수원시 팔달구,행궁동,41115740
경기도,수원시 팔달구,화서1동,41115680
경기도,수원시 팔달구,화서2동,41115690
경기도,시흥시,거북섬동,41390650
경기도,시흥시,과림동,41390621
경기도,시흥시,군자동,41390581
경기도,시흥시,능곡동,41390640
경기도,시흥시,대야동,41390510
경기도,시흥시,매화동,41390550
경기도,시흥시,목감동,41390570
경기도,시흥시,배곧1동,41390596
경기도,시흥시,배곧2동,41390597
경기도,시흥시,신천동,41390520
경기도,시흥시,신현동,41390531
경기도,시흥시,연성동,41390630
경기도,시흥시,월곶동,41390582
경기도,시흥시,은행동,41390540
경기도,시흥시,장곡동,41390631
경기도,시흥시,정왕1동,41390591
경기도,시흥시,정왕2동,41390592
경기도,시흥시,정왕3동,41390593
경기도,시흥시,정왕4동,41390594
경기도,시흥시,정왕본동,41390589
경기도,안산시 단원구,고잔동,41273525
경기도,안산시 단원구,대부동,41273610
경기도,안산시 단원구,백운동,41273555
경기도,안산시 단원구,선부1동,41273580
경기도,안산시 단원구,선부2동,41273590
경기도,안산시 단원구,선부3동,41273600
경기도,안산시 단원구,신길동,41273565
경기도,안산시 단원구,와동,41273510
경기도,안산시 단원구,원곡동,41273545
경기도,안산시 단원구,중앙동,41273532
경기도,안산시 단원구,초지동,41273570
경기도,안산시 단원구,호수동,41273535
경기도,안산시 상록구,반월동,41271600
경기도,안산시 상록구,본오1동,41271540
경기도,안산시 상록구,본오2동,41271550
경기도,안산시 상록구,본오3동,41271560
경기도,안산시 상록구,부곡동,41271570
경기도,안산시 상록구,사동,41271525
경기도,안산시 상록구,사이동,41271532
경기도,안산시 상록구,성포동,41271590
경기도,안산시 상록구,안산동,41271610
경기도,안산시 상록구,월피동,41271580
경기도,안산시 상록구,이동,41271515
경기도,안산시 상록구,일동,41271510
경기도,안산시 상록구,해양동,41271537
경기도,안성시,고삼면,41550420
경기도,안성시,공도읍,41550250
경기도,안성시,금광면,41550320
경기도,안성시,대덕면,41550350
경기도,안성시,미양면,41550340
경기도,안성시,보개면,41550310
경기도,안성시,삼죽면,41550410
경기도,안성시,서운면,41550330
경기도,안성시,안성1동,41550510
경기도,안성시,안성2동,41550520
경기도,안성시,안성3동,41550530
경기도,안성시,양성면,41550360
경기도,안성시,원곡면,41550380
경기도,안성시,일죽면,41550390
경기도,안성시,죽산면,41550400
경기도,안양시 동안구,갈산동,41173630
경기도,안양시 동안구,관양동,41173552
경기도,안양시 동안구,귀인동,41173578
경기도,안양시 동안구,달안동,41173546
경기도,안양시 동안구,범계동,41173610
경기도,안양시 동안구,부림동,41173566
경기도,안양시 동안구,부흥동,41173540
경기도,안양시 동안구,비산1동,41173510
경기도,안양시 동안구,비산2동,41173520
경기도,안양시 동안구,비산3동,41173530
경기도,안양시 동안구,신촌동,41173620
경기도,안양시 동안구,인덕원동,41173559
경기도,안양시 동안구,평안동,41173576
경기도,안양시 동안구,평촌동,41173570
경기도,안양시 동안구,호계1동,41173580
경기도,안양시 동안구,호계2동,41173590
경기도,안양시 동안구,호계3동,41173600
경기도,안양시 만안구,박달1동,41171621
경기도,안양시 만안구,박달2동,41171630
경기도,안양시 만안구,석수1동,41171590
경기도,안양시 만안구,석수2동,41171600
경기도,안양시 만안구,안양1동,41171510
경기도,안양시 만안구,안양2동,41171520
경기도,안양시 만안구,안양3동,41171530
경기도,안양시 만안구,안양4동,41171540
경기도,안양시 만안구,안양5동,41171550
경기도,안양시 만안구,안양6동,41171560
경기도,안양시 만안구,안양7동,41171570
경기도,안양시 만안구,안양8동,41171580
경기도,안양시 만안구,안양9동,41171581
경기도,안양시 만안구,충훈동,41171611
경기도,양주시,광적면,41630330
경기도,양주시,남면,41630320
경기도,양주시,백석읍,41630250
경기도,양주시,양주1동,41630510
경기도,양주시,양주2동,41630520
경기도,양주시,옥정1동,41630570
경기도,양주시,옥정2동,41630580
경기도,양주시,은현면,41630310
경기도,양주시,장흥면,41630340
경기도,양주시,회천1동,41630530
경기도,양주시,회천2동,41630540
경기도,양주시,회천3동,41630550
경기도,양평군,강상면,41830310
경기도,양평군,강하면,41830320
경기도,양평군,개군면,41830410
경기도,양평군,단월면,41830360
경기도,양평군,서종면,41830350
경기도,양평군,양동면,41830380
경기도,양평군,양서면,41830330
경기도,양평군,양평읍,41830250
경기도,양평군,옥천면,41830340
경기도,양평군,용문면,41830400
경기도,양평군,지평면,41830395
경기도,양평군,청운면,41830370
경기도,여주시,가남읍,41670250
경기도,여주시,강천면,41670370
경기도,여주시,금사면,41670330
경기도,여주시,대신면,41670350
경기도,여주시,북내면,41670360
경기도,여주시,산북면,41670380
경기도,여주시,세종대왕면,41670345
경기도,여주시,여흥동,41670510
경기도,여주시,오학동,41670530
경기도,여주시,점동면,41670310
경기도,여주시,중앙동,41670520
경기도,여주시,흥천면,41670320
경기도,연천군,군남면,41800310
경기도,연천군,미산면,41800340
경기도,연천군,백학면,41800330
경기도,연천군,신서면,41800360
경기도,연천군,연천읍,41800250
경기도,연천군,왕징면,41800350
경기도,연천군,장남면,41800380
경기도,연천군,전곡읍,41800253
경기도,연천군,중면,41800370
경기도,연천군,청산면,41800320
경기도,오산시,남촌동,41370530
경기도,오산시,대원1동,41370523
경기도,오산시,대원2동,41370526
경기도,오산시,세마동,41370550
경기도,오산시,신장1동,41370543
경기도,오산시,신장2동,41370546
경기도,오산시,중앙동,41370510
경기도,오산시,초평동,41370560
경기도,용인시 기흥구,구갈동,41463520
경기도,용인시 기흥구,구성동,41463560
경기도,용인시 기흥구,기흥동,41463540
경기도,용인시 기흥구,동백1동,41463572
경기도,용인시 기흥구,동백2동,41463575
경기도,용인시 기흥구,동백3동,41463577
경기도,용인시 기흥구,마북동,41463570
경기도,용인시 기흥구,보라동,41463535
경기도,용인시 기흥구,보정동,41463590
경기도,용인시 기흥구,상갈동,41463530
경기도,용인시 기흥구,상하동,41463586
경기도,용인시 기흥구,서농동,41463550
경기도,용인시 기흥구,신갈동,41463510
경기도,용인시 기흥구,영덕1동,41463516
경기도,용인시 기흥구,영덕2동,41463517
경기도,용인시 수지구,동천동,41465560
경기도,용인시 수지구,상현1동,41465570
경기도,용인시 수지구,상현2동,41465580
경기도,용인시 수지구,상현3동,41465585
경기도,용인시 수지구,성복동,41465590
경기도,용인시 수지구,신봉동,41465530
경기도,용인시 수지구,죽전1동,41465540
경기도,용인시 수지구,죽전2동,41465550
경기도,용인시 수지구,죽전3동,41465555
경기도,용인시 수지구,풍덕천1동,41465510
경기도,용인시 수지구,풍덕천2동,41465520
경기도,용인시 처인구,남사읍,41461259
경기도,용인시 처인구,동부동,41461540
경기도,용인시 처인구,모현읍,41461253
경기도,용인시 처인구,백암면,41461350
경기도,용인시 처인구,삼가동,41461526
경기도,용인시 처인구,양지면,41461360
경기도,용인시 처인구,역북동,41461525
경기도,용인시 처인구,원삼면,41461340
경기도,용인시 처인구,유림동,41461530
경기도,용인시 처인구,이동읍,41461256
경기도,용인시 처인구,중앙동,41461510
경기도,용인시 처인구,포곡읍,41461250
경기도,의왕시,고천동,41430510
경기도,의왕시,내손1동,41430540
경기도,의왕시,내손2동,41430550
경기도,의왕시,부곡동,41430520
경기도,의왕시,오전동,41430530
경기도,의왕시,청계동,41430560
경기도,의정부시,가능동,41150595
경기도,의정부시,고산동,41150630
경기도,의정부시,녹양동,41150620
경기도,의정부시,송산1동,41150573
경기도,의정부시,송산2동,41150576
경기도,의정부시,송산3동,41150578
경기도,의정부시,신곡1동,41150567
경기도,의정부시,신곡2동,41150568
경기도,의정부시,의정부1동,41150510
경기도,의정부시,의정부2동,41150520
경기도,의정부시,자금동,41150580
경기도,의정부시,장암동,41150561
경기도,의정부시,호원1동,41150545
경기도,의정부시,호원2동,41150555
경기도,의정부시,흥선동,41150615
경기도,이천시,관고동,41500530
경기도,이천시,대월면,41500350
경기도,이천시,마장면,41500340
경기도,이천시,모가면,41500360
경기도,이천시,백사면,41500320
경기도,이천시,부발읍,41500253
경기도,이천시,설성면,41500370
경기도,이천시,신둔면,41500310
경기도,이천시,율면,41500380
경기도,이천시,장호원읍,41500250
경기도,이천시,중리동,41500520
경기도,이천시,증포동,41500515
경기도,이천시,창전동,41500510
경기도,이천시,호법면,41500330
경기도,파주시,광탄면,41480350
경기도,파주시,교하동,41480540
경기도,파주시,금촌1동,41480510
경기도,파주시,금촌2동,41480520
경기도,파주시,금촌3동,41480530
경기도,파주시,문산읍,41480250
경기도,파주시,법원읍,41480256
경기도,파주시,운정1동,41480550
경기도,파주시,운정2동,41480560
경기도,파주시,운정3동,41480570
경기도,파주시,운정4동,41480580
경기도,파주시,운정5동,41480590
경기도,파주시,운정6동,41480600
경기도,파주시,월롱면,41480310
경기도,파주시,장단면,41480390
경기도,파주시,적성면,41480370
경기도,파주시,조리읍,41480262
경기도,파주시,탄현면,41480320
경기도,파주시,파주읍,41480253
경기도,파주시,파평면,41480360
경기도,평택시,고덕동,41220660
경기도,평택시,고덕면,41220330
경기도,평택시,동삭동,41220650
경기도,평택시,비전1동,41220620
경기도,평택시,비전2동,41220630
경기도,평택시,서정동,41220520
경기도,평택시,서탄면,41220320
경기도,평택시,세교동,41220640
경기도,평택시,송북동,41220560
경기도,평택시,송탄동,41220535
경기도,평택시,신장1동,41220570
경기도,평택시,신장2동,41220580
경기도,평택시,신평동,41220590
경기도,평택시,안중읍,41220253
경기도,평택시,오성면,41220340
경기도,평택시,용이동,41220635
경기도,평택시,원평동,41220600
경기도,평택시,중앙동,41220510
경기도,평택시,지산동,41220550
경기도,평택시,진위면,41220310
경기도,평택시,청북읍,41220259
경기도,평택시,통복동,41220610
경기도,평택시,팽성읍,41220250
경기도,평택시,포승읍,41220256
경기도,평택시,현덕면,41220370
경기도,포천시,가산면,41650330
경기도,포천시,관인면,41650400
경기도,포천시,군내면,41650310
경기도,포천시,내촌면,41650320
경기도,포천시,선단동,41650520
경기도,포천시,소흘읍,41650250
경기도,포천시,신북면,41650340
경기도,포천시,영북면,41650390
경기도,포천시,영중면,41650360
경기도,포천시,이동면,41650380
경기도,포천시,일동면,41650370
경기도,포천시,창수면,41650350
경기도,포천시,포천동,41650510
경기도,포천시,화현면,41650410
경기도,하남시,감북동,41450580
경기도,하남시,감일동,41450582
경기도,하남시,덕풍1동,41450540
경기도,하남시,덕풍2동,41450550
경기도,하남시,덕풍3동,41450560
경기도,하남시,미사1동,41450610
경기도,하남시,미사2동,41450620
경기도,하남시,미사3동,41450630
경기도,하남시,신장1동,41450520
경기도,하남시,신장2동,41450530
경기도,하남시,위례동,41450585
경기도,하남시,천현동,41450510
경기도,하남시,초이동,41450600
경기도,하남시,춘궁동,41450590
경기도,화성시,기배동,41590560
경기도,화성시,남양읍,41590262
경기도,화성시,동탄1동,41590585
경기도,화성시,동탄2동,41590586
경기도,화성시,동탄3동,41590587
경기도,화성시,동탄4동,41590588
경기도,화성시,동탄5동,41590590
경기도,화성시,동탄6동,41590600
경기도,화성시,동탄7동,41590610
경기도,화성시,동탄8동,41590620
경기도,화성시,동탄9동,41590630
경기도,화성시,마도면,41590330
경기도,화성시,매송면,41590310
경기도,화성시,반월동,41590550
경기도,화성시,병점1동,41590530
경기도,화성시,병점2동,41590540
경기도,화성시,봉담읍,41590253
경기도,화성시,비봉면,41590320
경기도,화성시,새솔동,41590515
경기도,화성시,서신면,41590350
경기도,화성시,송산면,41590340
경기도,화성시,양감면,41590400
경기도,화성시,우정읍,41590256
경기도,화성시,장안면,41590370
경기도,화성시,정남면,41590410
경기도,화성시,진안동,41590520
경기도,화성시,팔탄면,41590360
경기도,화성시,향남읍,41590259
경기도,화성시,화산동,41590570
경상남도,거제시,거제면,48310340
경상남도,거제시,고현동,48310580
경상남도,거제시,남부면,48310330
경상남도,거제시,능포동,48310530
경상남도,거제시,동부면,48310320
경상남도,거제시,둔덕면,48310350
경상남도,거제시,사등면,48310360
경상남도,거제시,상문동,48310590
경상남도,거제시,수양동,48310600
경상남도,거제시,아주동,48310540
경상남도,거제시,연초면,48310370
경상남도,거제시,옥포1동,48310550
경상남도,거제시,옥포2동,48310560
경상남도,거제시,일운면,48310310
경상남도,거제시,장목면,48310390
경상남도,거제시,장승포동,48310510
경상남도,거제시,장평동,48310570
경상남도,거제시,하청면,48310380
경상남도,거창군,가북면,48880410
경상남도,거창군,가조면,48880400
경상남도,거창군,거창읍,48880250
경상남도,거창군,고제면,48880330
경상남도,거창군,남상면,48880370
경상남도,거창군,남하면,48880380
경상남도,거창군,마리면,48880360
경상남도,거창군,북상면,48880340
경상남도,거창군,신원면,48880390
경상남도,거창군,웅양면,48880320
경상남도,거창군,위천면,48880350
경상남도,거창군,주상면,48880310
경상남도,고성군,개천면,48820380
경상남도,고성군,거류면,48820430
경상남도,고성군,고성읍,48820250
경상남도,고성군,구만면,48820390
경상남도,고성군,대가면,48820350
경상남도,고성군,동해면,48820420
경상남도,고성군,마암면,48820410
경상남도,고성군,삼산면,48820310
경상남도,고성군,상리면,48820340
경상남도,고성군,영오면,48820370
경상남도,고성군,영현면,48820360
경상남도,고성군,하이면,48820330
경상남도,고성군,하일면,48820320
경상남도,고성군,회화면,48820400
경상남도,김해시,내외동,48250540
경상남도,김해시,대동면,48250370
경상남도,김해시,동상동,48250510
경상남도,김해시,부원동,48250530
경상남도,김해시,북부동,48250550
경상남도,김해시,불암동,48250600
경상남도,김해시,삼안동,48250590
경상남도,김해시,상동면,48250360
경상남도,김해시,생림면,48250350
경상남도,김해시,장유1동,48250610
경상남도,김해시,장유2동,48250620
경상남도,김해시,장유3동,48250630
경상남도,김해시,주촌면,48250320
경상남도,김해시,진례면,48250330
경상남도,김해시,진영읍,48250250
경상남도,김해시,칠산서부동,48250565
경상남도,김해시,한림면,48250340
경상남도,김해시,활천동,48250580
경상남도,김해시,회현동,48250520
경상남도,남해군,고현면,48840370
경상남도,남해군,남면,48840350
경상남도,남해군,남해읍,48840250
경상남도,남해군,미조면,48840340
경상남도,남해군,삼동면,48840330
경상남도,남해군,상주면,48840320
경상남도,남해군,서면,48840360
경상남도,남해군,설천면,48840380
경상남도,남해군,이동면,48840310
경상남도,남해군,창선면,48840390
경상남도,밀양시,가곡동,48270540
경상남도,밀양시,교동,48270550
경상남도,밀양시,내이동,48270520
경상남도,밀양시,내일동,48270510
경상남도,밀양시,단장면,48270350
경상남도,밀양시,무안면,48270380
경상남도,밀양시,부북면,48270310
경상남도,밀양시,산내면,48270340
경상남도,밀양시,산외면,48270330
경상남도,밀양시,삼랑진읍,48270250
경상남도,밀양시,삼문동,48270530
경상남도,밀양시,상남면,48270360
경상남도,밀양시,상동면,48270320
경상남도,밀양시,청도면,48270390
경상남도,밀양시,초동면,48270370
경상남도,밀양시,하남읍,48270253
경상남도,사천시,곤명면,48240360
경상남도,사천시,곤양면,48240350
경상남도,사천시,남양동,48240595
경상남도,사천시,동서금동,48240530
경상남도,사천시,동서동,48240510
경상남도,사천시,벌용동,48240550
경상남도,사천시,사남면,48240320
경상남도,사천시,사천읍,48240250
경상남도,사천시,서포면,48240370
경상남도,사천시,선구동,48240520
경상남도,사천시,용현면,48240330
경상남도,사천시,정동면,48240310
경상남도,사천시,축동면,48240340
경상남도,사천시,향촌동,48240570
경상남도,산청군,금서면,48860340
경상남도,산청군,단성면,48860370
경상남도,산청군,산청읍,48860250
경상남도,산청군,삼장면,48860350
경상남도,산청군,생비량면,48860390
경상남도,산청군,생초면,48860330
경상남도,산청군,시천면,48860360
경상남도,산청군,신등면,48860400
경상남도,산청군,신안면,48860380
경상남도,산청군,오부면,48860320
경상남도,산청군,차황면,48860310
경상남도,양산시,강서동,48330530
경상남도,양산시,덕계동,48330570
경상남도,양산시,동면,48330310
경상남도,양산시,물금읍,48330253
경상남도,양산시,삼성동,48330520
경상남도,양산시,상북면,48330330
경상남도,양산시,서창동,48330540
경상남도,양산시,소주동,48330550
경상남도,양산시,양주동,48330515
경상남도,양산시,원동면,48330320
경상남도,양산시,중앙동,48330510
경상남도,양산시,평산동,48330560
경상남도,양산시,하북면,48330340
경상남도,의령군,가례면,48720310
경상남도,의령군,궁류면,48720415
경상남도,의령군,낙서면,48720380
경상남도,의령군,대의면,48720330
경상남도,의령군,봉수면,48720400
경상남도,의령군,부림면,48720390
경상남도,의령군,용덕면,48720350
경상남도,의령군,유곡면,48720420
경상남도,의령군,의령읍,48720250
경상남도,의령군,정곡면,48720360
경상남도,의령군,지정면,48720370
경상남도,의령군,칠곡면,48720320
경상남도,의령군,화정면,48720340
경상남도,진주시,가호동,48170740
경상남도,진주시,금곡면,48170330
경상남도,진주시,금산면,48170410
경상남도,진주시,내동면,48170310
경상남도,진주시,대곡면,48170400
경상남도,진주시,대평면,48170450
경상남도,진주시,명석면,48170440
경상남도,진주시,문산읍,48170250
경상남도,진주시,미천면,48170430
경상남도,진주시,사봉면,48170380
경상남도,진주시,상대동,48170673
경상남도,진주시,상봉동,48170595
경상남도,진주시,상평동,48170680
경상남도,진주시,성북동,48170555
경상남도,진주시,수곡면,48170460
경상남도,진주시,신안동,48170715
경상남도,진주시,이반성면,48170370
경상남도,진주시,이현동,48170720
경상남도,진주시,일반성면,48170360
경상남도,진주시,정촌면,48170320
경상남도,진주시,중앙동,48170565
경상남도,진주시,지수면,48170390
경상남도,진주시,진성면,48170350
경상남도,진주시,집현면,48170420
경상남도,진주시,천전동,48170515
경상남도,진주시,초장동,48170695
경상남도,진주시,충무공동,48170750
경상남도,진주시,판문동,48170730
경상남도,진주시,평거동,48170710
경상남도,진주시,하대동,48170678
경상남도,창녕군,계성면,48740370
경상남도,창녕군,고암면,48740310
경상남도,창녕군,길곡면,48740410
경상남도,창녕군,남지읍,48740253
경상남도,창녕군,대지면,48740360
경상남도,창녕군,대합면,48740330
경상남도,창녕군,도천면,48740400
경상남도,창녕군,부곡면,48740420
경상남도,창녕군,성산면,48740320
경상남도,창녕군,영산면,48740380
경상남도,창녕군,유어면,48740350
경상남도,창녕군,이방면,48740340
경상남도,창녕군,장마면,48740390
경상남도,창녕군,창녕읍,48740250
경상남도,창원시 마산합포구,가포동,48125520
경상남도,창원시 마산합포구,교방동,48125610
경상남도,창원시 마산합포구,구산면,48125310
경상남도,창원시 마산합포구,문화동,48125540
경상남도,창원시 마산합포구,반월중앙동,48125565
경상남도,창원시 마산합포구,산호동,48125650
경상남도,창원시 마산합포구,오동동,48125630
경상남도,창원시 마산합포구,완월동,48125570
경상남도,창원시 마산합포구,월영동,48125530
경상남도,창원시 마산합포구,자산동,48125580
경상남도,창원시 마산합포구,진동면,48125320
경상남도,창원시 마산합포구,진북면,48125330
경상남도,창원시 마산합포구,진전면,48125340
경상남도,창원시 마산합포구,합포동,48125640
경상남도,창원시 마산합포구,현동,48125510
경상남도,창원시 마산회원구,구암1동,48127600
경상남도,창원시 마산회원구,구암2동,48127610
경상남도,창원시 마산회원구,내서읍,48127250
경상남도,창원시 마산회원구,봉암동,48127620
경상남도,창원시 마산회원구,석전동,48127545
경상남도,창원시 마산회원구,양덕1동,48127560
경상남도,창원시 마산회원구,양덕2동,48127570
경상남도,창원시 마산회원구,합성1동,48127580
경상남도,창원시 마산회원구,합성2동,48127590
경상남도,창원시 마산회원구,회성동,48127550
경상남도,창원시 마산회원구,회원1동,48127510
경상남도,창원시 마산회원구,회원2동,48127520
경상남도,창원시 성산구,가음정동,48123550
경상남도,창원시 성산구,반송동,48123510
경상남도,창원시 성산구,사파동,48123540
경상남도,창원시 성산구,상남동,48123530
경상남도,창원시 성산구,성주동,48123560
경상남도,창원시 성산구,용지동,48123515
경상남도,창원시 성산구,웅남동,48123570
경상남도,창원시 성산구,중앙동,48123520
경상남도,창원시 의창구,대산면,48121320
경상남도,창원시 의창구,동읍,48121250
경상남도,창원시 의창구,명곡동,48121530
경상남도,창원시 의창구,봉림동,48121540
경상남도,창원시 의창구,북면,48121310
경상남도,창원시 의창구,의창동,48121510
경상남도,창원시 의창구,팔룡동,48121520
경상남도,창원시 진해구,경화동,48129560
경상남도,창원시 진해구,덕산동,48129610
경상남도,창원시 진해구,병암동,48129570
경상남도,창원시 진해구,석동,48129580
경상남도,창원시 진해구,여좌동,48129540
경상남도,창원시 진해구,웅동1동,48129640
경상남도,창원시 진해구,웅동2동,48129650
경상남도,창원시 진해구,웅천동,48129630
경상남도,창원시 진해구,이동,48129590
경상남도,창원시 진해구,자은동,48129600
경상남도,창원시 진해구,충무동,48129530
경상남도,창원시 진해구,태백동,48129550
경상남도,창원시 진해구,풍호동,48129620
경상남도,통영시,광도면,48220340
경상남도,통영시,도산면,48220330
경상남도,통영시,도천동,48220510
경상남도,통영시,명정동,48220530
경상남도,통영시,무전동,48220700
경상남도,통영시,미수동,48220665
경상남도,통영시,봉평동,48220670
경상남도,통영시,북신동,48220600
경상남도,통영시,사량면,48220370
경상남도,통영시,산양읍,48220250
경상남도,통영시,욕지면,48220350
경상남도,통영시,용남면,48220310
경상남도,통영시,정량동,48220590
경상남도,통영시,중앙동,48220550
경상남도,통영시,한산면,48220360
경상남도,하동군,고전면,48850350
경상남도,하동군,금남면,48850360
경상남도,하동군,금성면,48850420
경상남도,하동군,북천면,48850390
경상남도,하동군,악양면,48850320
경상남도,하동군,양보면,48850380
경상남도,하동군,옥종면,48850410
경상남도,하동군,적량면,48850330
경상남도,하동군,진교면,48850370
경상남도,하동군,청암면,48850400
경상남도,하동군,하동읍,48850250
경상남도,하동군,화개면,48850310
경상남도,하동군,횡천면,48850340
경상남도,함안군,가야읍,48730250
경상남도,함안군,군북면,48730320
경상남도,함안군,대산면,48730340
경상남도,함안군,법수면,48730330
경상남도,함안군,산인면,48730380
경상남도,함안군,여항면,48730390
경상남도,함안군,칠북면,48730360
경상남도,함안군,칠서면,48730350
경상남도,함안군,칠원읍,48730253
경상남도,함안군,함안면,48730310
경상남도,함양군,마천면,48870310
경상남도,함양군,백전면,48870390
경상남도,함양군,병곡면,48870400
경상남도,함양군,서상면,48870380
경상남도,함양군,서하면,48870370
경상남도,함양군,수동면,48870340
경상남도,함양군,안의면,48870360
경상남도,함양군,유림면,48870330
경상남도,함양군,지곡면,48870350
경상남도,함양군,함양읍,48870250
경상남도,함양군,휴천면,48870320
경상남도,합천군,가야면,48890330
경상남도,합천군,가회면,48890440
경상남도,합천군,대병면,48890450
경상남도,합천군,대양면,48890410
경상남도,합천군,덕곡면,48890380
경상남도,합천군,묘산면,48890320
경상남도,합천군,봉산면,48890310
경상남도,합천군,삼가면,48890430
경상남도,합천군,쌍백면,48890420
경상남도,합천군,쌍책면,48890370
경상남도,합천군,야로면,48890340
경상남도,합천군,용주면,48890460
경상남도,합천군,율곡면,48890350
경상남도,합천군,적중면,48890400
경상남도,합천군,청덕면,48890390
경상남도,합천군,초계면,48890360
경상남도,합천군,합천읍,48890250
경상북도,경산시,남부동,47290530
경상북도,경산시,남산면,47290350
경상북도,경산시,남천면,47290370
경상북도,경산시,동부동,47290560
경상북도,경산시,북부동,47290550
경상북도,경산시,서부1동,47290541
경상북도,경산시,서부2동,47290542
경상북도,경산시,압량읍,47290256
경상북도,경산시,와촌면,47290310
경상북도,경산시,용성면,47290340
경상북도,경산시,자인면,47290330
경상북도,경산시,중방동,47290510
경상북도,경산시,중앙동,47290520
경상북도,경산시,진량읍,47290253
경상북도,경산시,하양읍,47290250
경상북도,경주시,감포읍,47130250
경상북도,경주시,강동면,47130370
경상북도,경주시,건천읍,47130256
경상북도,경주시,내남면,47130330
경상북도,경주시,동천동,47130630
경상북도,경주시,문무대왕면,47130315
경상북도,경주시,보덕동,47130660
경상북도,경주시,불국동,47130650
경상북도,경주시,산내면,47130340
경상북도,경주시,서면,47130350
경상북도,경주시,선도동,47130590
경상북도,경주시,성건동,47130550
경상북도,경주시,안강읍,47130253
경상북도,경주시,양남면,47130320
경상북도,경주시,외동읍,47130259
경상북도,경주시,용강동,47130615
경상북도,경주시,월성동,47130605
경상북도,경주시,중부동,47130515
경상북도,경주시,천북면,47130380
경상북도,경주시,현곡면,47130360
경상북도,경주시,황남동,47130570
경상북도,경주시,황성동,47130621
경상북도,경주시,황오동,47130530
경상북도,고령군,개진면,47830350
경상북도,고령군,다산면,47830340
경상북도,고령군,대가야읍,47830253
경상북도,고령군,덕곡면,47830310
경상북도,고령군,성산면,47830330
경상북도,고령군,쌍림면,47830370
경상북도,고령군,우곡면,47830360
경상북도,고령군,운수면,47830320
경상북도,구미시,고아읍,47190253
경상북도,구미시,공단동,47190700
경상북도,구미시,광평동,47190630
경상북도,구미시,도개면,47190330
경상북도,구미시,도량동,47190551
경상북도,구미시,무을면,47190310
경상북도,구미시,비산동,47190610
경상북도,구미시,산동읍,47190256
경상북도,구미시,상모사곡동,47190645
경상북도,구미시,선산읍,47190250
경상북도,구미시,선주원남동,47190565
경상북도,구미시,송정동,47190510
경상북도,구미시,신평1동,47190590
경상북도,구미시,신평2동,47190600
경상북도,구미시,양포동,47190690
경상북도,구미시,옥성면,47190320
경상북도,구미시,원평동,47190535
경상북도,구미시,인동동,47190670
경상북도,구미시,임오동,47190660
경상북도,구미시,장천면,47190360
경상북도,구미시,지산동,47190555
경상북도,구미시,진미동,47190680
경상북도,구미시,해평면,47190340
경상북도,구미시,형곡1동,47190582
경상북도,구미시,형곡2동,47190583
경상북도,김천시,감문면,47150350
경상북도,김천시,감천면,47150390
경상북도,김천시,개령면,47150340
경상북도,김천시,구성면,47150410
경상북도,김천시,남면,47150320
경상북도,김천시,농소면,47150310
경상북도,김천시,대곡동,47150595
경상북도,김천시,대덕면,47150440
경상북도,김천시,대신동,47150575
경상북도,김천시,대항면,47150380
경상북도,김천시,봉산면,47150370
경상북도,김천시,부항면,47150430
경상북도,김천시,아포읍,47150250
경상북도,김천시,양금동,47150565
경상북도,김천시,어모면,47150360
경상북도,김천시,율곡동,47150640
경상북도,김천시,자산동,47150516
경상북도,김천시,조마면,47150400
경상북도,김천시,증산면,47150450
경상북도,김천시,지례면,47150420
경상북도,김천시,지좌동,47150610
경상북도,김천시,평화남산동,47150536
경상북도,문경시,가은읍,47280253
경상북도,문경시,농암면,47280370
경상북도,문경시,동로면,47280350
경상북도,문경시,마성면,47280360
경상북도,문경시,문경읍,47280250
경상북도,문경시,산북면,47280340
경상북도,문경시,산양면,47280320
경상북도,문경시,영순면,47280310
경상북도,문경시,점촌1동,47280570
경상북도,문경시,점촌2동,47280580
경상북도,문경시,점촌3동,47280590
경상북도,문경시,점촌4동,47280600
경상북도,문경시,점촌5동,47280610
경상북도,문경시,호계면,47280330
경상북도,봉화군,명호면,47920370
경상북도,봉화군,물야면,47920310
경상북도,봉화군,법전면,47920330
경상북도,봉화군,봉성면,47920320
경상북도,봉화군,봉화읍,47920250
경상북도,봉화군,상운면,47920380
경상북도,봉화군,석포면,47920390
경상북도,봉화군,소천면,47920350
경상북도,봉화군,재산면,47920360
경상북도,봉화군,춘양면,47920340
경상북도,상주시,계림동,47250540
경상북도,상주시,공검면,47250450
경상북도,상주시,공성면,47250350
경상북도,상주시,낙동면,47250330
경상북도,상주시,남원동,47250520
경상북도,상주시,내서면,47250370
경상북도,상주시,동문동,47250550
경상북도,상주시,동성동,47250560
경상북도,상주시,모동면,47250380
경상북도,상주시,모서면,47250390
경상북도,상주시,북문동,47250530
경상북도,상주시,사벌국면,47250325
경상북도,상주시,신흥동,47250570
경상북도,상주시,외남면,47250360
경상북도,상주시,외서면,47250430
경상북도,상주시,은척면,47250440
경상북도,상주시,이안면,47250460
경상북도,상주시,중동면,47250310
경상북도,상주시,청리면,47250340
경상북도,상주시,함창읍,47250250
경상북도,상주시,화남면,47250470
경상북도,상주시,화동면,47250400
경상북도,상주시,화북면,47250420
경상북도,상주시,화서면,47250410
경상북도,성주군,가천면,47840340
경상북도,성주군,금수강산면,47840355
경상북도,성주군,대가면,47840360
경상북도,성주군,벽진면,47840370
경상북도,성주군,선남면,47840310
경상북도,성주군,성주읍,47840250
경상북도,성주군,수륜면,47840330
경상북도,성주군,용암면,47840320
경상북도,성주군,월항면,47840390
경상북도,성주군,초전면,47840380
경상북도,안동시,강남동,47170690
경상북도,안동시,길안면,47170390
경상북도,안동시,남선면,47170370
경상북도,안동시,남후면,47170360
경상북도,안동시,녹전면,47170430
경상북도,안동시,도산면,47170420
경상북도,안동시,명륜동,47170520
경상북도,안동시,북후면,47170320
경상북도,안동시,서구동,47170585
경상북도,안동시,서후면,47170330
경상북도,안동시,송하동,47170660
경상북도,안동시,안기동,47170630
경상북도,안동시,예안면,47170410
경상북도,안동시,옥동,47170650
경상북도,안동시,와룡면,47170310
경상북도,안동시,용상동,47170555
경상북도,안동시,일직면,47170350
경상북도,안동시,임동면,47170400
경상북도,안동시,임하면,47170380
경상북도,안동시,중구동,47170510
경상북도,안동시,태화동,47170600
경상북도,안동시,평화동,47170620
경상북도,안동시,풍산읍,47170250
경상북도,안동시,풍천면,47170340
경상북도,영덕군,강구면,47770310
경상북도,영덕군,남정면,47770320
경상북도,영덕군,달산면,47770330
경상북도,영덕군,병곡면,47770370
경상북도,영덕군,영덕읍,47770250
경상북도,영덕군,영해면,47770360
경상북도,영덕군,지품면,47770340
경상북도,영덕군,창수면,47770380
경상북도,영덕군,축산면,47770350
경상북도,영양군,석보면,47760350
경상북도,영양군,수비면,47760340
경상북도,영양군,영양읍,47760250
경상북도,영양군,일월면,47760330
경상북도,영양군,입암면,47760310
경상북도,영양군,청기면,47760320
경상북도,영주시,가흥1동,47210620
경상북도,영주시,가흥2동,47210630
경상북도,영주시,단산면,47210380
경상북도,영주시,문수면,47210330
경상북도,영주시,봉현면,47210360
경상북도,영주시,부석면,47210390
경상북도,영주시,상망동,47210510
경상북도,영주시,순흥면,47210370
경상북도,영주시,안정면,47210350
경상북도,영주시,영주1동,47210550
경상북도,영주시,영주2동,47210560
경상북도,영주시,이산면,47210310
경상북도,영주시,장수면,47210340
경상북도,영주시,평은면,47210320
경상북도,영주시,풍기읍,47210250
경상북도,영주시,하망동,47210525
경상북도,영주시,휴천1동,47210590
경상북도,영주시,휴천2동,47210600
경상북도,영주시,휴천3동,47210610
경상북도,영천시,고경면,47230380
경상북도,영천시,금호읍,47230250
경상북도,영천시,남부동,47230555
경상북도,영천시,대창면,47230400
경상북도,영천시,동부동,47230510
경상북도,영천시,북안면,47230390
경상북도,영천시,서부동,47230535
경상북도,영천시,신녕면,47230320
경상북도,영천시,완산동,47230540
경상북도,영천시,임고면,47230370
경상북도,영천시,자양면,47230360
경상북도,영천시,중앙동,47230520
경상북도,영천시,청통면,47230310
경상북도,영천시,화남면,47230350
경상북도,영천시,화북면,47230340
경상북도,영천시,화산면,47230330
경상북도,예천군,감천면,47900340
경상북도,예천군,개포면,47900390
경상북도,예천군,보문면,47900350
경상북도,예천군,예천읍,47900250
경상북도,예천군,용궁면,47900380
경상북도,예천군,용문면,47900310
경상북도,예천군,유천면,47900370
경상북도,예천군,은풍면,47900430
경상북도,예천군,지보면,47900400
경상북도,예천군,풍양면,47900410
경상북도,예천군,호명읍,47900253
경상북도,예천군,효자면,47900420
경상북도,울릉군,북면,47940320
경상북도,울릉군,서면,47940310
경상북도,울릉군,울릉읍,47940250
경상북도,울진군,근남면,47930330
경상북도,울진군,금강송면,47930390
경상북도,울진군,기성면,47930350
경상북도,울진군,매화면,47930400
경상북도,울진군,북면,47930310
경상북도,울진군,온정면,47930360
경상북도,울진군,울진읍,47930250
경상북도,울진군,죽변면,47930370
경상북도,울진군,평해읍,47930253
경상북도,울진군,후포면,47930380
경상북도,의성군,가음면,47730360
경상북도,의성군,구천면,47730400
경상북도,의성군,금성면,47730370
경상북도,의성군,다인면,47730440
경상북도,의성군,단밀면,47730410
경상북도,의성군,단북면,47730420
경상북도,의성군,단촌면,47730310
경상북도,의성군,봉양면,47730380
경상북도,의성군,비안면,47730390
경상북도,의성군,사곡면,47730340
경상북도,의성군,신평면,47730450
경상북도,의성군,안계면,47730430
경상북도,의성군,안사면,47730470
경상북도,의성군,안평면,47730460
경상북도,의성군,옥산면,47730330
경상북도,의성군,의성읍,47730250
경상북도,의성군,점곡면,47730320
경상북도,의성군,춘산면,47730350
경상북도,청도군,각남면,47820310
경상북도,청도군,각북면,47820330
경상북도,청도군,금천면,47820360
경상북도,청도군,매전면,47820370
경상북도,청도군,운문면,47820350
경상북도,청도군,이서면,47820340
경상북도,청도군,청도읍,47820253
경상북도,청도군,풍각면,47820320
경상북도,청도군,화양읍,47820250
경상북도,청송군,부남면,47750320
경상북도,청송군,안덕면,47750350
경상북도,청송군,주왕산면,47750315
경상북도,청송군,진보면,47750370
경상북도,청송군,청송읍,47750250
경상북도,청송군,파천면,47750360
경상북도,청송군,현동면,47750330
경상북도,청송군,현서면,47750340
경상북도,칠곡군,가산면,47850330
경상북도,칠곡군,기산면,47850370
경상북도,칠곡군,동명면,47850320
경상북도,칠곡군,북삼읍,47850253
경상북도,칠곡군,석적읍,47850256
경상북도,칠곡군,약목면,47850360
경상북도,칠곡군,왜관읍,47850250
경상북도,칠곡군,지천면,47850310
경상북도,포항시 남구,구룡포읍,47111250
경상북도,포항시 남구,대송면,47111310
경상북도,포항시 남구,대이동,47111590
경상북도,포항시 남구,동해면,47111320
경상북도,포항시 남구,상대동,47111525
경상북도,포항시 남구,송도동,47111550
경상북도,포항시 남구,연일읍,47111253
경상북도,포항시 남구,오천읍,47111256
경상북도,포항시 남구,장기면,47111330
경상북도,포항시 남구,제철동,47111570
경상북도,포항시 남구,청림동,47111560
경상북도,포항시 남구,해도동,47111545
경상북도,포항시 남구,호미곶면,47111350
경상북도,포항시 남구,효곡동,47111580
경상북도,포항시 북구,기계면,47113340
경상북도,포항시 북구,기북면,47113360
경상북도,포항시 북구,두호동,47113690
경상북도,포항시 북구,송라면,47113330
경상북도,포항시 북구,신광면,47113310
경상북도,포항시 북구,양학동,47113630
경상북도,포항시 북구,용흥동,47113665
경상북도,포항시 북구,우창동,47113680
경상북도,포항시 북구,장량동,47113700
경상북도,포항시 북구,죽도동,47113655
경상북도,포항시 북구,죽장면,47113350
경상북도,포항시 북구,중앙동,47113520
경상북도,포항시 북구,청하면,47113320
경상북도,포항시 북구,환여동,47113710
경상북도,포항시 북구,흥해읍,47113250
광주광역시,광산구,도산동,29200540
광주광역시,광산구,동곡동,29200660
광주광역시,광산구,본량동,29200690
광주광역시,광산구,비아동,29200620
광주광역시,광산구,삼도동,29200680
광주광역시,광산구,송정1동,29200515
광주광역시,광산구,송정2동,29200525
광주광역시,광산구,수완동,29200637
광주광역시,광산구,신가동,29200630
광주광역시,광산구,신창동,29200700
광주광역시,광산구,신흥동,29200550
광주광역시,광산구,어룡동,29200565
광주광역시,광산구,우산동,29200580
광주광역시,광산구,운남동,29200635
광주광역시,광산구,월곡1동,29200600
광주광역시,광산구,월곡2동,29200610
광주광역시,광산구,임곡동,29200650
광주광역시,광산구,첨단1동,29200624
광주광역시,광산구,첨단2동,29200626
광주광역시,광산구,평동,29200670
광주광역시,광산구,하남동,29200640
광주광역시,남구,대촌동,29155730
광주광역시,남구,방림1동,29155520
광주광역시,남구,방림2동,29155530
광주광역시,남구,백운1동,29155670
광주광역시,남구,백운2동,29155680
광주광역시,남구,봉선1동,29155537
광주광역시,남구,봉선2동,29155538
광주광역시,남구,사직동,29155545
광주광역시,남구,송암동,29155720
광주광역시,남구,양림동,29155510
광주광역시,남구,월산4동,29155630
광주광역시,남구,월산5동,29155640
광주광역시,남구,월산동,29155605
광주광역시,남구,주월1동,29155690
광주광역시,남구,주월2동,29155700
광주광역시,남구,진월동,29155705
광주광역시,남구,효덕동,29155710
광주광역시,동구,계림1동,29110560
광주광역시,동구,계림2동,29110570
광주광역시,동구,동명동,29110545
광주광역시,동구,산수1동,29110590
광주광역시,동구,산수2동,29110600
광주광역시,동구,서남동,29110655
광주광역시,동구,지산1동,29110620
광주광역시,동구,지산2동,29110630
광주광역시,동구,지원1동,29110730
광주광역시,동구,지원2동,29110740
광주광역시,동구,충장동,29110525
광주광역시,동구,학동,29110685
광주광역시,동구,학운동,29110710
광주광역시,북구,건국동,29170695
광주광역시,북구,동림동,29170615
광주광역시,북구,두암1동,29170661
광주광역시,북구,두암2동,29170662
광주광역시,북구,두암3동,29170663
광주광역시,북구,매곡동,29170673
광주광역시,북구,문화동,29170650
광주광역시,북구,문흥1동,29170656
광주광역시,북구,문흥2동,29170657
광주광역시,북구,삼각동,29170666
광주광역시,북구,석곡동,29170685
광주광역시,북구,신안동,29170580
광주광역시,북구,신용동,29170697
광주광역시,북구,양산동,29170696
광주광역시,북구,오치1동,29170676
광주광역시,북구,오치2동,29170677
광주광역시,북구,용봉동,29170590
광주광역시,북구,우산동,29170620
광주광역시,북구,운암1동,29170601
광주광역시,북구,운암2동,29170602
광주광역시,북구,운암3동,29170603
광주광역시,북구,일곡동,29170669
광주광역시,북구,임동,29170570
광주광역시,북구,중앙동,29170555
광주광역시,북구,중흥1동,29170510
광주광역시,북구,중흥동,29170535
광주광역시,북구,풍향동,29170635
광주광역시,서구,광천동,29140730
광주광역시,서구,금호1동,29140821
광주광역시,서구,금호2동,29140824
광주광역시,서구,농성1동,29140650
광주광역시,서구,농성2동,29140660
광주광역시,서구,동천동,29140840
광주광역시,서구,상무1동,29140751
광주광역시,서구,상무2동,29140752
광주광역시,서구,서창동,29140800
광주광역시,서구,양3동,29140590
광주광역시,서구,양동,29140575
광주광역시,서구,유덕동,29140740
광주광역시,서구,치평동,29140745
광주광역시,서구,풍암동,29140830
광주광역시,서구,화정1동,29140760
광주광역시,서구,화정2동,29140770
광주광역시,서구,화정3동,29140780
광주광역시,서구,화정4동,29140790
대구광역시,군위군,군위읍,27720250
대구광역시,군위군,부계면,27720330
대구광역시,군위군,산성면,27720360
대구광역시,군위군,삼국유사면,27720370
대구광역시,군위군,소보면,27720310
대구광역시,군위군,우보면,27720340
대구광역시,군위군,의흥면,27720350
대구광역시,군위군,효령면,27720320
대구광역시,남구,대명10동,27200650
대구광역시,남구,대명11동,27200660
대구광역시,남구,대명1동,27200560
대구광역시,남구,대명2동,27200571
대구광역시,남구,대명3동,27200586
대구광역시,남구,대명4동,27200590
대구광역시,남구,대명5동,27200600
대구광역시,남구,대명6동,27200610
대구광역시,남구,대명9동,27200640
대구광역시,남구,봉덕1동,27200530
대구광역시,남구,봉덕2동,27200540
대구광역시,남구,봉덕3동,27200550
대구광역시,남구,이천동,27200515
대구광역시,달서구,감삼동,27290555
대구광역시,달서구,도원동,27290628
대구광역시,달서구,두류1.2동,27290535
대구광역시,달서구,두류3동,27290550
대구광역시,달서구,본동,27290650
대구광역시,달서구,본리동,27290590
대구광역시,달서구,상인1동,27290624
대구광역시,달서구,상인2동,27290625
대구광역시,달서구,상인3동,27290626
대구광역시,달서구,성당동,27290515
대구광역시,달서구,송현1동,27290630
대구광역시,달서구,송현2동,27290640
대구광역시,달서구,신당동,27290585
대구광역시,달서구,용산1동,27290571
대구광역시,달서구,용산2동,27290572
대구광역시,달서구,월성1동,27290601
대구광역시,달서구,월성2동,27290602
대구광역시,달서구,유천동,27290617
대구광역시,달서구,이곡1동,27290576
대구광역시,달서구,이곡2동,27290577
대구광역시,달서구,장기동,27290568
대구광역시,달서구,죽전동,27290563
대구광역시,달서구,진천동,27290615
대구광역시,달성군,가창면,27710310
대구광역시,달성군,구지면,27710380
대구광역시,달성군,논공읍,27710253
대구광역시,달성군,다사읍,27710256
대구광역시,달성군,옥포읍,27710262
대구광역시,달성군,유가읍,27710259
대구광역시,달성군,하빈면,27710330
대구광역시,달성군,현풍읍,27710265
대구광역시,달성군,화원읍,27710250
대구광역시,동구,공산동,27140760
대구광역시,동구,도평동,27140615
대구광역시,동구,동촌동,27140655
대구광역시,동구,방촌동,27140670
대구광역시,동구,불로.봉무동,27140620
대구광역시,동구,신암1동,27140510
대구광역시,동구,신암2동,27140520
대구광역시,동구,신암3동,27140530
대구광역시,동구,신암4동,27140540
대구광역시,동구,신암5동,27140541
대구광역시,동구,신천1.2동,27140555
대구광역시,동구,신천3동,27140570
대구광역시,동구,신천4동,27140580
대구광역시,동구,안심1동,27140720
대구광역시,동구,안심2동,27140730
대구광역시,동구,안심3동,27140742
대구광역시,동구,안심4동,27140747
대구광역시,동구,지저동,27140640
대구광역시,동구,해안동,27140685
대구광역시,동구,혁신동,27140755
대구광역시,동구,효목1동,27140590
대구광역시,동구,효목2동,27140600
대구광역시,북구,검단동,27230680
대구광역시,북구,고성동,27230510
대구광역시,북구,관문동,27230715
대구광역시,북구,관음동,27230750
대구광역시,북구,구암동,27230745
대구광역시,북구,국우동,27230800
대구광역시,북구,노원동,27230790
대구광역시,북구,대현동,27230645
대구광역시,북구,동천동,27230780
대구광역시,북구,무태조야동,27230695
대구광역시,북구,복현1동,27230671
대구광역시,북구,복현2동,27230672
대구광역시,북구,산격1동,27230610
대구광역시,북구,산격2동,27230620
대구광역시,북구,산격3동,27230630
대구광역시,북구,산격4동,27230631
대구광역시,북구,읍내동,27230770
대구광역시,북구,칠성동,27230526
대구광역시,북구,침산1동,27230550
대구광역시,북구,침산2동,27230560
대구광역시,북구,침산3동,27230570
대구광역시,북구,태전1동,27230725
대구광역시,북구,태전2동,27230735
대구광역시,서구,내당1동,27170510
대구광역시,서구,내당2.3동,27170525
대구광역시,서구,내당4동,27170540
대구광역시,서구,비산1동,27170550
대구광역시,서구,비산2.3동,27170565
대구광역시,서구,비산4동,27170580
대구광역시,서구,비산5동,27170590
대구광역시,서구,비산6동,27170600
대구광역시,서구,비산7동,27170610
대구광역시,서구,상중이동,27170675
대구광역시,서구,원대동,27170695
대구광역시,서구,평리1동,27170620
대구광역시,서구,평리2동,27170630
대구광역시,서구,평리3동,27170640
대구광역시,서구,평리4동,27170650
대구광역시,서구,평리5동,27170660
대구광역시,서구,평리6동,27170661
대구광역시,수성구,고산1동,27260670
대구광역시,수성구,고산2동,27260680
대구광역시,수성구,고산3동,27260690
대구광역시,수성구,두산동,27260640
대구광역시,수성구,만촌1동,27260550
대구광역시,수성구,만촌2동,27260560
대구광역시,수성구,만촌3동,27260561
대구광역시,수성구,범물1동,27260661
대구광역시,수성구,범물2동,27260662
대구광역시,수성구,범어1동,27260510
대구광역시,수성구,범어2동,27260520
대구광역시,수성구,범어3동,27260530
대구광역시,수성구,범어4동,27260540
대구광역시,수성구,상동,27260620
대구광역시,수성구,수성1가동,27260570
대구광역시,수성구,수성2.3가동,27260580
대구광역시,수성구,수성4가동,27260590
대구광역시,수성구,중동,27260610
대구광역시,수성구,지산1동,27260651
대구광역시,수성구,지산2동,27260652
대구광역시,수성구,파동,27260630
대구광역시,수성구,황금1동,27260601
대구광역시,수성구,황금2동,27260602
대구광역시,중구,남산1동,27110640
대구광역시,중구,남산2동,27110650
대구광역시,중구,남산3동,27110660
대구광역시,중구,남산4동,27110670
대구광역시,중구,대봉1동,27110680
대구광역시,중구,대봉2동,27110690
대구광역시,중구,대신동,27110595
대구광역시,중구,동인동,27110517
대구광역시,중구,삼덕동,27110545
대구광역시,중구,성내1동,27110565
대구광역시,중구,성내2동,27110575
대구광역시,중구,성내3동,27110585
대전광역시,대덕구,대화동,30230520
대전광역시,대덕구,덕암동,30230570
대전광역시,대덕구,목상동,30230580
대전광역시,대덕구,법1동,30230600
대전광역시,대덕구,법2동,30230610
대전광역시,대덕구,비래동,30230533
대전광역시,대덕구,석봉동,30230560
대전광역시,대덕구,송촌동,30230543
대전광역시,대덕구,신탄진동,30230550
대전광역시,대덕구,오정동,30230510
대전광역시,대덕구,중리동,30230546
대전광역시,대덕구,회덕동,30230525
대전광역시,동구,가양1동,30110620
대전광역시,동구,가양2동,30110630
대전광역시,동구,대동,30110585
대전광역시,동구,대청동,30110725
대전광역시,동구,산내동,30110740
대전광역시,동구,삼성동,30110695
대전광역시,동구,성남동,30110665
대전광역시,동구,신인동,30110545
대전광역시,동구,용운동,30110560
대전광역시,동구,용전동,30110640
대전광역시,동구,자양동,30110590
대전광역시,동구,중앙동,30110515
대전광역시,동구,판암1동,30110551
대전광역시,동구,판암2동,30110552
대전광역시,동구,홍도동,30110670
대전광역시,동구,효동,30110530
대전광역시,서구,가수원동,30170590
대전광역시,서구,가장동,30170570
대전광역시,서구,갈마1동,30170581
대전광역시,서구,갈마2동,30170582
대전광역시,서구,관저1동,30170596
대전광역시,서구,관저2동,30170597
대전광역시,서구,괴정동,30170560
대전광역시,서구,기성동,30170600
대전광역시,서구,내동,30170575
대전광역시,서구,도마1동,30170520
대전광역시,서구,도마2동,30170530
대전광역시,서구,도안동,30170593
대전광역시,서구,둔산1동,30170630
대전광역시,서구,둔산2동,30170640
대전광역시,서구,둔산3동,30170660
대전광역시,서구,만년동,30170650
대전광역시,서구,변동,30170540
대전광역시,서구,복수동,30170510
대전광역시,서구,용문동,30170550
대전광역시,서구,월평1동,30170586
대전광역시,서구,월평2동,30170587
대전광역시,서구,월평3동,30170588
대전광역시,서구,정림동,30170535
대전광역시,서구,탄방동,30170555
대전광역시,유성구,관평동,30200600
대전광역시,유성구,구즉동,30200580
대전광역시,유성구,노은1동,30200546
대전광역시,유성구,노은2동,30200547
대전광역시,유성구,노은3동,30200548
대전광역시,유성구,상대동,30200527
대전광역시,유성구,신성동,30200550
대전광역시,유성구,온천1동,30200530
대전광역시,유성구,온천2동,30200540
대전광역시,유성구,원신흥동,30200610
대전광역시,유성구,전민동,30200570
대전광역시,유성구,진잠동,30200520
대전광역시,유성구,학하동,30200526
대전광역시,중구,대사동,30140630
대전광역시,중구,대흥동,30140575
대전광역시,중구,목동,30140550
대전광역시,중구,문창동,30140605
대전광역시,중구,문화1동,30140720
대전광역시,중구,문화2동,30140730
대전광역시,중구,부사동,30140640
대전광역시,중구,산성동,30140740
대전광역시,중구,석교동,30140620
대전광역시,중구,오류동,30140670
대전광역시,중구,용두동,30140655
대전광역시,중구,유천1동,30140700
대전광역시,중구,유천2동,30140710
대전광역시,중구,은행선화동,30140535
대전광역시,중구,중촌동,30140560
대전광역시,중구,태평1동,30140680
대전광역시,중구,태평2동,30140690
부산광역시,강서구,가덕도동,26440580
부산광역시,강서구,가락동,26440550
부산광역시,강서구,강동동,26440530
부산광역시,강서구,녹산동,26440560
부산광역시,강서구,대저1동,26440510
부산광역시,강서구,대저2동,26440520
부산광역시,강서구,명지1동,26440535
부산광역시,강서구,명지2동,26440545
부산광역시,강서구,신호동,26440590
부산광역시,금정구,구서1동,26410680
부산광역시,금정구,구서2동,26410690
부산광역시,금정구,금사회동동,26410555
부산광역시,금정구,금성동,26410700
부산광역시,금정구,남산동,26410670
부산광역시,금정구,부곡1동,26410570
부산광역시,금정구,부곡2동,26410580
부산광역시,금정구,부곡3동,26410590
부산광역시,금정구,부곡4동,26410591
부산광역시,금정구,서1동,26410510
부산광역시,금정구,서2동,26410520
부산광역시,금정구,서3동,26410530
부산광역시,금정구,선두구동,26410635
부산광역시,금정구,장전1동,26410600
부산광역시,금정구,장전2동,26410610
부산광역시,금정구,청룡노포동,26410665
부산광역시,기장군,기장읍,26710250
부산광역시,기장군,일광읍,26710259
부산광역시,기장군,장안읍,26710253
부산광역시,기장군,정관읍,26710256
부산광역시,기장군,철마면,26710330
부산광역시,남구,감만1동,26290620
부산광역시,남구,감만2동,26290630
부산광역시,남구,대연1동,26290510
부산광역시,남구,대연3동,26290530
부산광역시,남구,대연4동,26290540
부산광역시,남구,대연5동,26290550
부산광역시,남구,대연6동,26290560
부산광역시,남구,문현1동,26290680
부산광역시,남구,문현2동,26290690
부산광역시,남구,문현3동,26290700
부산광역시,남구,문현4동,26290710
부산광역시,남구,용당동,26290610
부산광역시,남구,용호1동,26290570
부산광역시,남구,용호2동,26290580
부산광역시,남구,용호3동,26290590
부산광역시,남구,용호4동,26290600
부산광역시,남구,우암동,26290645
부산광역시,동구,범일1동,26170650
부산광역시,동구,범일2동,26170660
부산광역시,동구,범일5동,26170680
부산광역시,동구,수정1동,26170560
부산광역시,동구,수정2동,26170570
부산광역시,동구,수정4동,26170590
부산광역시,동구,수정5동,26170600
부산광역시,동구,좌천동,26170645
부산광역시,동구,초량1동,26170510
부산광역시,동구,초량2동,26170520
부산광역시,동구,초량3동,26170530
부산광역시,동구,초량6동,26170550
부산광역시,동래구,명륜동,26260545
부산광역시,동래구,명장1동,26260761
부산광역시,동래구,명장2동,26260762
부산광역시,동래구,복산동,26260520
부산광역시,동래구,사직1동,26260580
부산광역시,동래구,사직2동,26260590
부산광역시,동래구,사직3동,26260600
부산광역시,동래구,수민동,26260510
부산광역시,동래구,안락1동,26260740
부산광역시,동래구,안락2동,26260750
부산광역시,동래구,온천1동,26260550
부산광역시,동래구,온천2동,26260560
부산광역시,동래구,온천3동,26260570
부산광역시,부산진구,가야1동,26230710
부산광역시,부산진구,가야2동,26230720
부산광역시,부산진구,개금1동,26230740
부산광역시,부산진구,개금2동,26230750
부산광역시,부산진구,개금3동,26230760
부산광역시,부산진구,당감1동,26230670
부산광역시,부산진구,당감2동,26230680
부산광역시,부산진구,당감4동,26230700
부산광역시,부산진구,범천1동,26230770
부산광역시,부산진구,범천2동,26230780
부산광역시,부산진구,부암1동,26230640
부산광역시,부산진구,부암3동,26230660
부산광역시,부산진구,부전1동,26230510
부산광역시,부산진구,부전2동,26230520
부산광역시,부산진구,양정1동,26230560
부산광역시,부산진구,양정2동,26230570
부산광역시,부산진구,연지동,26230540
부산광역시,부산진구,전포1동,26230600
부산광역시,부산진구,전포2동,26230610
부산광역시,부산진구,초읍동,26230550
부산광역시,북구,구포1동,26320510
부산광역시,북구,구포2동,26320520
부산광역시,북구,구포3동,26320521
부산광역시,북구,금곡동,26320530
부산광역시,북구,덕천1동,26320550
부산광역시,북구,덕천2동,26320560
부산광역시,북구,덕천3동,26320561
부산광역시,북구,만덕1동,26320571
부산광역시,북구,만덕2동,26320572
부산광역시,북구,만덕3동,26320573
부산광역시,북구,화명1동,26320541
부산광역시,북구,화명2동,26320542
부산광역시,북구,화명3동,26320543
부산광역시,사상구,감전동,26530645
부산광역시,사상구,괘법동,26530620
부산광역시,사상구,덕포1동,26530600
부산광역시,사상구,덕포2동,26530610
부산광역시,사상구,모라1동,26530591
부산광역시,사상구,모라3동,26530593
부산광역시,사상구,삼락동,26530580
부산광역시,사상구,엄궁동,26530680
부산광역시,사상구,주례1동,26530650
부산광역시,사상구,주례2동,26530660
부산광역시,사상구,주례3동,26530661
부산광역시,사상구,학장동,26530670
부산광역시,사하구,감천1동,26380620
부산광역시,사하구,감천2동,26380630
부산광역시,사하구,괴정1동,26380510
부산광역시,사하구,괴정2동,26380520
부산광역시,사하구,괴정3동,26380530
부산광역시,사하구,괴정4동,26380540
부산광역시,사하구,구평동,26380610
부산광역시,사하구,다대1동,26380601
부산광역시,사하구,다대2동,26380602
부산광역시,사하구,당리동,26380550
부산광역시,사하구,신평1동,26380571
부산광역시,사하구,신평2동,26380572
부산광역시,사하구,장림1동,26380580
부산광역시,사하구,장림2동,26380590
부산광역시,사하구,하단1동,26380561
부산광역시,사하구,하단2동,26380562
부산광역시,서구,남부민1동,26140650
부산광역시,서구,남부민2동,26140660
부산광역시,서구,동대신1동,26140510
부산광역시,서구,동대신2동,26140520
부산광역시,서구,동대신3동,26140530
부산광역시,서구,부민동,26140590
부산광역시,서구,서대신1동,26140540
부산광역시,서구,서대신3동,26140560
부산광역시,서구,서대신4동,26140570
부산광역시,서구,아미동,26140615
부산광역시,서구,암남동,26140680
부산광역시,서구,초장동,26140630
부산광역시,서구,충무동,26140640
부산광역시,수영구,광안1동,26500760
부산광역시,수영구,광안2동,26500770
부산광역시,수영구,광안3동,26500780
부산광역시,수영구,광안4동,26500790
부산광역시,수영구,남천1동,26500660
부산광역시,수영구,남천2동,26500670
부산광역시,수영구,망미1동,26500740
부산광역시,수영구,망미2동,26500750
부산광역시,수영구,민락동,26500800
부산광역시,수영구,수영동,26500730
부산광역시,연제구,거제1동,26470610
부산광역시,연제구,거제2동,26470620
부산광역시,연제구,거제3동,26470630
부산광역시,연제구,거제4동,26470640
부산광역시,연제구,연산1동,26470650
부산광역시,연제구,연산2동,26470660
부산광역시,연제구,연산3동,26470670
부산광역시,연제구,연산4동,26470680
부산광역시,연제구,연산5동,26470690
부산광역시,연제구,연산6동,26470700
부산광역시,연제구,연산8동,26470720
부산광역시,연제구,연산9동,26470730
부산광역시,영도구,남항동,26200530
부산광역시,영도구,동삼1동,26200650
부산광역시,영도구,동삼2동,26200660
부산광역시,영도구,동삼3동,26200670
부산광역시,영도구,봉래1동,26200590
부산광역시,영도구,봉래2동,26200605
부산광역시,영도구,신선동,26200585
부산광역시,영도구,영선1동,26200540
부산광역시,영도구,영선2동,26200550
부산광역시,영도구,청학1동,26200630
부산광역시,영도구,청학2동,26200640
부산광역시,중구,광복동,26110570
부산광역시,중구,남포동,26110580
부산광역시,중구,대청동,26110530
부산광역시,중구,동광동,26110520
부산광역시,중구,보수동,26110545
부산광역시,중구,부평동,26110560
부산광역시,중구,영주1동,26110590
부산광역시,중구,영주2동,26110600
부산광역시,중구,중앙동,26110510
부산광역시,해운대구,반송1동,26350610
부산광역시,해운대구,반송2동,26350620
부산광역시,해운대구,반여1동,26350570
부산광역시,해운대구,반여2동,26350580
부산광역시,해운대구,반여3동,26350590
부산광역시,해운대구,반여4동,26350595
부산광역시,해운대구,송정동,26350560
부산광역시,해운대구,우1동,26350510
부산광역시,해운대구,우2동,26350520
부산광역시,해운대구,우3동,26350525
부산광역시,해운대구,재송1동,26350650
부산광역시,해운대구,재송2동,26350660
부산광역시,해운대구,좌1동,26350551
부산광역시,해운대구,좌2동,26350552
부산광역시,해운대구,좌3동,26350553
부산광역시,해운대구,좌4동,26350554
부산광역시,해운대구,중1동,26350530
부산광역시,해운대구,중2동,26350540
서울특별시,강남구,개포1동,11680660
서울특별시,강남구,개포2동,11680670
서울특별시,강남구,개포3동,11680675
서울특별시,강남구,개포4동,11680690
서울특별시,강남구,논현1동,11680521
서울특별시,강남구,논현2동,11680531
서울특별시,강남구,대치1동,11680600
서울특별시,강남구,대치2동,11680610
서울특별시,강남구,대치4동,11680630
서울특별시,강남구,도곡1동,11680655
서울특별시,강남구,도곡2동,11680656
서울특별시,강남구,삼성1동,11680580
서울특별시,강남구,삼성2동,11680590
서울특별시,강남구,세곡동,11680700
서울특별시,강남구,수서동,11680750
서울특별시,강남구,신사동,11680510
서울특별시,강남구,압구정동,11680545
서울특별시,강남구,역삼1동,11680640
서울특별시,강남구,역삼2동,11680650
서울특별시,강남구,일원1동,11680730
서울특별시,강남구,일원본동,11680720
서울특별시,강남구,청담동,11680565
서울특별시,강동구,강일동,11740515
서울특별시,강동구,고덕1동,11740550
서울특별시,강동구,고덕2동,11740560
서울특별시,강동구,길동,11740685
서울특별시,강동구,둔촌1동,11740690
서울특별시,강동구,둔촌2동,11740700
서울특별시,강동구,명일1동,11740530
서울특별시,강동구,명일2동,11740540
서울특별시,강동구,상일1동,11740525
서울특별시,강동구,상일2동,11740526
서울특별시,강동구,성내1동,11740640
서울특별시,강동구,성내2동,11740650
서울특별시,강동구,성내3동,11740660
서울특별시,강동구,암사1동,11740570
서울특별시,강동구,암사2동,11740580
서울특별시,강동구,암사3동,11740590
서울특별시,강동구,천호1동,11740600
서울특별시,강동구,천호2동,11740610
서울특별시,강동구,천호3동,11740620
서울특별시,강북구,미아동,11305535
서울특별시,강북구,번1동,11305595
서울특별시,강북구,번2동,11305603
서울특별시,강북구,번3동,11305608
서울특별시,강북구,삼각산동,11305575
서울특별시,강북구,삼양동,11305534
서울특별시,강북구,송중동,11305545
서울특별시,강북구,송천동,11305555
서울특별시,강북구,수유1동,11305615
서울특별시,강북구,수유2동,11305625
서울특별시,강북구,수유3동,11305635
서울특별시,강북구,우이동,11305645
서울특별시,강북구,인수동,11305660
서울특별시,강서구,가양1동,11500603
서울특별시,강서구,가양2동,11500604
서울특별시,강서구,가양3동,11500605
서울특별시,강서구,공항동,11500620
서울특별시,강서구,등촌1동,11500520
서울특별시,강서구,등촌2동,11500530
서울특별시,강서구,등촌3동,11500535
서울특별시,강서구,발산1동,11500611
서울특별시,강서구,방화1동,11500630
서울특별시,강서구,방화2동,11500640
서울특별시,강서구,방화3동,11500641
서울특별시,강서구,염창동,11500510
서울특별시,강서구,우장산동,11500615
서울특별시,강서구,화곡1동,11500540
서울특별시,강서구,화곡2동,11500550
서울특별시,강서구,화곡3동,11500560
서울특별시,강서구,화곡4동,11500570
서울특별시,강서구,화곡6동,11500591
서울특별시,강서구,화곡8동,11500593
서울특별시,강서구,화곡본동,11500590
서울특별시,관악구,낙성대동,11620585
서울특별시,관악구,난곡동,11620775
서울특별시,관악구,난향동,11620715
서울특별시,관악구,남현동,11620630
서울특별시,관악구,대학동,11620735
서울특별시,관악구,미성동,11620765
서울특별시,관악구,보라매동,11620525
서울특별시,관악구,삼성동,11620745
서울특별시,관악구,서림동,11620665
서울특별시,관악구,서원동,11620645
서울특별시,관악구,성현동,11620565
서울특별시,관악구,신림동,11620695
서울특별시,관악구,신사동,11620685
서울특별시,관악구,신원동,11620655
서울특별시,관악구,은천동,11620605
서울특별시,관악구,인헌동,11620625
서울특별시,관악구,조원동,11620725
서울특별시,관악구,중앙동,11620615
서울특별시,관악구,청룡동,11620595
서울특별시,관악구,청림동,11620545
서울특별시,관악구,행운동,11620575
서울특별시,광진구,광장동,11215810
서울특별시,광진구,구의1동,11215850
서울특별시,광진구,구의2동,11215860
서울특별시,광진구,구의3동,11215870
서울특별시,광진구,군자동,11215730
서울특별시,광진구,능동,11215780
서울특별시,광진구,자양1동,11215820
서울특별시,광진구,자양2동,11215830
서울특별시,광진구,자양3동,11215840
서울특별시,광진구,자양4동,11215847
서울특별시,광진구,중곡1동,11215740
서울특별시,광진구,중곡2동,11215750
서울특별시,광진구,중곡3동,11215760
서울특별시,광진구,중곡4동,11215770
서울특별시,광진구,화양동,11215710
서울특별시,구로구,가리봉동,11530595
서울특별시,구로구,개봉1동,11530740
서울특별시,구로구,개봉2동,11530750
서울특별시,구로구,개봉3동,11530760
서울특별시,구로구,고척1동,11530720
서울특별시,구로구,고척2동,11530730
서울특별시,구로구,구로1동,11530520
서울특별시,구로구,구로2동,11530530
서울특별시,구로구,구로3동,11530540
서울특별시,구로구,구로4동,11530550
서울특별시,구로구,구로5동,11530560
서울특별시,구로구,수궁동,11530790
서울특별시,구로구,신도림동,11530510
서울특별시,구로구,오류1동,11530770
서울특별시,구로구,오류2동,11530780
서울특별시,구로구,항동,11530800
서울특별시,금천구,가산동,11545510
서울특별시,금천구,독산1동,11545610
서울특별시,금천구,독산2동,11545620
서울특별시,금천구,독산3동,11545630
서울특별시,금천구,독산4동,11545640
서울특별시,금천구,시흥1동,11545670
서울특별시,금천구,시흥2동,11545680
서울특별시,금천구,시흥3동,11545690
서울특별시,금천구,시흥4동,11545700
서울특별시,금천구,시흥5동,11545710
서울특별시,노원구,공릉1동,11350595
서울특별시,노원구,공릉2동,11350600
서울특별시,노원구,상계10동,11350720
서울특별시,노원구,상계1동,11350630
서울특별시,노원구,상계2동,11350640
서울특별시,노원구,상계3.4동,11350665
서울특별시,노원구,상계5동,11350670
서울특별시,노원구,상계6.7동,11350695
서울특별시,노원구,상계8동,11350700
서울특별시,노원구,상계9동,11350710
서울특별시,노원구,월계1동,11350560
서울특별시,노원구,월계2동,11350570
서울특별시,노원구,월계3동,11350580
서울특별시,노원구,중계1동,11350621
서울특별시,노원구,중계2.3동,11350625
서울특별시,노원구,중계4동,11350624
서울특별시,노원구,중계본동,11350619
서울특별시,노원구,하계1동,11350611
서울특별시,노원구,하계2동,11350612
서울특별시,도봉구,도봉1동,11320521
서울특별시,도봉구,도봉2동,11320522
서울특별시,도봉구,방학1동,11320690
서울특별시,도봉구,방학2동,11320700
서울특별시,도봉구,방학3동,11320710
서울특별시,도봉구,쌍문1동,11320660
서울특별시,도봉구,쌍문2동,11320670
서울특별시,도봉구,쌍문3동,11320680
서울특별시,도봉구,쌍문4동,11320681
서울특별시,도봉구,창1동,11320511
서울특별시,도봉구,창2동,11320512
서울특별시,도봉구,창3동,11320513
서울특별시,도봉구,창4동,11320514
서울특별시,도봉구,창5동,11320515
서울특별시,동대문구,답십리1동,11230600
서울특별시,동대문구,답십리2동,11230610
서울특별시,동대문구,용신동,11230536
서울특별시,동대문구,이문1동,11230740
서울특별시,동대문구,이문2동,11230750
서울특별시,동대문구,장안1동,11230650
서울특별시,동대문구,장안2동,11230660
서울특별시,동대문구,전농1동,11230560
서울특별시,동대문구,전농2동,11230570
서울특별시,동대문구,제기동,11230545
서울특별시,동대문구,청량리동,11230705
서울특별시,동대문구,회기동,11230710
서울특별시,동대문구,휘경1동,11230720
서울특별시,동대문구,휘경2동,11230730
서울특별시,동작구,노량진1동,11590510
서울특별시,동작구,노량진2동,11590520
서울특별시,동작구,대방동,11590660
서울특별시,동작구,사당1동,11590620
서울특별시,동작구,사당2동,11590630
서울특별시,동작구,사당3동,11590640
서울특별시,동작구,사당4동,11590650
서울특별시,동작구,사당5동,11590651
서울특별시,동작구,상도1동,11590530
서울특별시,동작구,상도2동,11590540
서울특별시,동작구,상도3동,11590550
서울특별시,동작구,상도4동,11590560
서울특별시,동작구,신대방1동,11590670
서울특별시,동작구,신대방2동,11590680
서울특별시,동작구,흑석동,11590605
서울특별시,마포구,공덕동,11440565
서울특별시,마포구,대흥동,11440600
서울특별시,마포구,도화동,11440585
서울특별시,마포구,망원1동,11440690
서울특별시,마포구,망원2동,11440700
서울특별시,마포구,상암동,11440740
서울특별시,마포구,서강동,11440655
서울특별시,마포구,서교동,11440660
서울특별시,마포구,성산1동,11440720
서울특별시,마포구,성산2동,11440730
서울특별시,마포구,신수동,11440630
서울특별시,마포구,아현동,11440555
서울특별시,마포구,연남동,11440710
서울특별시,마포구,염리동,11440610
서울특별시,마포구,용강동,11440590
서울특별시,마포구,합정동,11440680
서울특별시,서대문구,남가좌1동,11410690
서울특별시,서대문구,남가좌2동,11410700
서울특별시,서대문구,북가좌1동,11410710
서울특별시,서대문구,북가좌2동,11410720
서울특별시,서대문구,북아현동,11410555
서울특별시,서대문구,신촌동,11410585
서울특별시,서대문구,연희동,11410615
서울특별시,서대문구,천연동,11410520
서울특별시,서대문구,충현동,11410565
서울특별시,서대문구,홍은1동,11410660
서울특별시,서대문구,홍은2동,11410685
서울특별시,서대문구,홍제1동,11410620
서울특별시,서대문구,홍제2동,11410655
서울특별시,서대문구,홍제3동,11410640
서울특별시,서초구,내곡동,11650660
서울특별시,서초구,반포1동,11650560
서울특별시,서초구,반포2동,11650570
서울특별시,서초구,반포3동,11650580
서울특별시,서초구,반포4동,11650581
서울특별시,서초구,반포본동,11650550
서울특별시,서초구,방배1동,11650600
서울특별시,서초구,방배2동,11650610
서울특별시,서초구,방배3동,11650620
서울특별시,서초구,방배4동,11650621
서울특별시,서초구,방배본동,11650590
서울특별시,서초구,서초1동,11650510
서울특별시,서초구,서초2동,11650520
서울특별시,서초구,서초3동,11650530
서울특별시,서초구,서초4동,11650531
서울특별시,서초구,양재1동,11650651
서울특별시,서초구,양재2동,11650652
서울특별시,서초구,잠원동,11650540
서울특별시,성동구,금호1가동,11200590
서울특별시,성동구,금호2.3가동,11200615
서울특별시,성동구,금호4가동,11200620
서울특별시,성동구,마장동,11200540
서울특별시,성동구,사근동,11200550
서울특별시,성동구,성수1가1동,11200650
서울특별시,성동구,성수1가2동,11200660
서울특별시,성동구,성수2가1동,11200670
서울특별시,성동구,성수2가3동,11200690
서울특별시,성동구,송정동,11200720
서울특별시,성동구,옥수동,11200645
서울특별시,성동구,왕십리2동,11200520
서울특별시,성동구,왕십리도선동,11200535
서울특별시,성동구,용답동,11200790
서울특별시,성동구,응봉동,11200580
서울특별시,성동구,행당1동,11200560
서울특별시,성동구,행당2동,11200570
서울특별시,성북구,길음1동,11290660
서울특별시,성북구,길음2동,11290685
서울특별시,성북구,돈암1동,11290580
서울특별시,성북구,돈암2동,11290590
서울특별시,성북구,동선동,11290575
서울특별시,성북구,보문동,11290610
서울특별시,성북구,삼선동,11290555
서울특별시,성북구,석관동,11290810
서울특별시,성북구,성북동,11290525
서울특별시,성북구,안암동,11290600
서울특별시,성북구,월곡1동,11290715
서울특별시,성북구,월곡2동,11290725
서울특별시,성북구,장위1동,11290760
서울특별시,성북구,장위2동,11290770
서울특별시,성북구,장위3동,11290780
서울특별시,성북구,정릉1동,11290620
서울특별시,성북구,정릉2동,11290630
서울특별시,성북구,정릉3동,11290640
서울특별시,성북구,정릉4동,11290650
서울특별시,성북구,종암동,11290705
서울특별시,송파구,가락1동,11710631
서울특별시,송파구,가락2동,11710632
서울특별시,송파구,가락본동,11710620
서울특별시,송파구,거여1동,11710531
서울특별시,송파구,거여2동,11710532
서울특별시,송파구,마천1동,11710540
서울특별시,송파구,마천2동,11710550
서울특별시,송파구,문정1동,11710641
서울특별시,송파구,문정2동,11710642
서울특별시,송파구,방이1동,11710561
서울특별시,송파구,방이2동,11710562
서울특별시,송파구,삼전동,11710610
서울특별시,송파구,석촌동,11710600
서울특별시,송파구,송파1동,11710580
서울특별시,송파구,송파2동,11710590
서울특별시,송파구,오금동,11710570
서울특별시,송파구,오륜동,11710566
서울특별시,송파구,위례동,11710647
서울특별시,송파구,잠실2동,11710670
서울특별시,송파구,잠실3동,11710680
서울특별시,송파구,잠실4동,11710690
서울특별시,송파구,잠실6동,11710710
서울특별시,송파구,잠실7동,11710720
서울특별시,송파구,잠실본동,11710650
서울특별시,송파구,장지동,11710646
서울특별시,송파구,풍납1동,11710510
서울특별시,송파구,풍납2동,11710520
서울특별시,양천구,목1동,11470510
서울특별시,양천구,목2동,11470520
서울특별시,양천구,목3동,11470530
서울특별시,양천구,목4동,11470540
서울특별시,양천구,목5동,11470550
서울특별시,양천구,신월1동,11470560
서울특별시,양천구,신월2동,11470570
서울특별시,양천구,신월3동,11470580
서울특별시,양천구,신월4동,11470590
서울특별시,양천구,신월5동,11470600
서울특별시,양천구,신월6동,11470610
서울특별시,양천구,신월7동,11470611
서울특별시,양천구,신정1동,11470620
서울특별시,양천구,신정2동,11470630
서울특별시,양천구,신정3동,11470640
서울특별시,양천구,신정4동,11470650
서울특별시,양천구,신정6동,11470670
서울특별시,양천구,신정7동,11470680
서울특별시,영등포구,당산1동,11560550
서울특별시,영등포구,당산2동,11560560
서울특별시,영등포구,대림1동,11560700
서울특별시,영등포구,대림2동,11560710
서울특별시,영등포구,대림3동,11560720
서울특별시,영등포구,도림동,11560585
서울특별시,영등포구,문래동,11560605
서울특별시,영등포구,신길1동,11560630
서울특별시,영등포구,신길3동,11560650
서울특별시,영등포구,신길4동,11560660
서울특별시,영등포구,신길5동,11560670
서울특별시,영등포구,신길6동,11560680
서울특별시,영등포구,신길7동,11560690
서울특별시,영등포구,양평1동,11560610
서울특별시,영등포구,양평2동,11560620
서울특별시,영등포구,여의동,11560540
서울특별시,영등포구,영등포동,11560535
서울특별시,영등포구,영등포본동,11560515
서울특별시,용산구,남영동,11170530
서울특별시,용산구,보광동,11170700
서울특별시,용산구,서빙고동,11170690
서울특별시,용산구,용문동,11170590
서울특별시,용산구,용산2가동,11170520
서울특별시,용산구,원효로1동,11170560
서울특별시,용산구,원효로2동,11170570
서울특별시,용산구,이촌1동,11170630
서울특별시,용산구,이촌2동,11170640
서울특별시,용산구,이태원1동,11170650
서울특별시,용산구,이태원2동,11170660
서울특별시,용산구,청파동,11170555
서울특별시,용산구,한강로동,11170625
서울특별시,용산구,한남동,11170685
서울특별시,용산구,효창동,11170580
서울특별시,용산구,후암동,11170510
서울특별시,은평구,갈현1동,11380551
서울특별시,은평구,갈현2동,11380552
서울특별시,은평구,구산동,11380560
서울특별시,은평구,녹번동,11380510
서울특별시,은평구,대조동,11380570
서울특별시,은평구,불광1동,11380520
서울특별시,은평구,불광2동,11380530
서울특별시,은평구,수색동,11380650
서울특별시,은평구,신사1동,11380631
서울특별시,은평구,신사2동,11380632
서울특별시,은평구,역촌동,11380625
서울특별시,은평구,응암1동,11380580
서울특별시,은평구,응암2동,11380590
서울특별시,은평구,응암3동,11380600
서울특별시,은평구,증산동,11380640
서울특별시,은평구,진관동,11380690
서울특별시,종로구,가회동,11110600
서울특별시,종로구,교남동,11110580
서울특별시,종로구,무악동,11110570
서울특별시,종로구,부암동,11110550
서울특별시,종로구,사직동,11110530
서울특별시,종로구,삼청동,11110540
서울특별시,종로구,숭인1동,11110700
서울특별시,종로구,숭인2동,11110710
서울특별시,종로구,이화동,11110640
서울특별시,종로구,종로1.2.3.4가동,11110615
서울특별시,종로구,종로5.6가동,11110630
서울특별시,종로구,창신1동,11110670
서울특별시,종로구,창신2동,11110680
서울특별시,종로구,창신3동,11110690
서울특별시,종로구,청운효자동,11110515
서울특별시,종로구,평창동,11110560
서울특별시,종로구,혜화동,11110650
서울특별시,중구,광희동,11140590
서울특별시,중구,다산동,11140625
서울특별시,중구,동화동,11140665
서울특별시,중구,명동,11140550
서울특별시,중구,소공동,11140520
서울특별시,중구,신당5동,11140650
서울특별시,중구,신당동,11140615
서울특별시,중구,약수동,11140635
서울특별시,중구,을지로동,11140605
서울특별시,중구,장충동,11140580
서울특별시,중구,중림동,11140680
서울특별시,중구,청구동,11140645
서울특별시,중구,필동,11140570
서울특별시,중구,황학동,11140670
서울특별시,중구,회현동,11140540
서울특별시,중랑구,망우3동,11260660
서울특별시,중랑구,망우본동,11260655
서울특별시,중랑구,면목2동,11260520
서울특별시,중랑구,면목3.8동,11260575
서울특별시,중랑구,면목4동,11260540
서울특별시,중랑구,면목5동,11260550
서울특별시,중랑구,면목7동,11260570
서울특별시,중랑구,면목본동,11260565
서울특별시,중랑구,묵1동,11260620
서울특별시,중랑구,묵2동,11260630
서울특별시,중랑구,상봉1동,11260580
서울특별시,중랑구,상봉2동,11260590
서울특별시,중랑구,신내1동,11260680
서울특별시,중랑구,신내2동,11260690
서울특별시,중랑구,중화1동,11260600
서울특별시,중랑구,중화2동,11260610
세종특별자치시,세종특별자치시,고운동,36110550
세종특별자치시,세종특별자치시,금남면,36110340
세종특별자치시,세종특별자치시,나성동,36110518
세종특별자치시,세종특별자치시,다정동,36110580
세종특별자치시,세종특별자치시,대평동,36110570
세종특별자치시,세종특별자치시,도담동,36110520
세종특별자치시,세종특별자치시,반곡동,36110556
세종특별자치시,세종특별자치시,보람동,36110560
세종특별자치시,세종특별자치시,부강면,36110330
세종특별자치시,세종특별자치시,새롬동,36110515
세종특별자치시,세종특별자치시,소담동,36110555
세종특별자치시,세종특별자치시,소정면,36110390
세종특별자치시,세종특별자치시,아름동,36110530
세종특별자치시,세종특별자치시,어진동,36110523
세종특별자치시,세종특별자치시,연기면,36110310
세종특별자치시,세종특별자치시,연동면,36110320
세종특별자치시,세종특별자치시,연서면,36110360
세종특별자치시,세종특별자치시,장군면,36110350
세종특별자치시,세종특별자치시,전동면,36110380
세종특별자치시,세종특별자치시,전의면,36110370
세종특별자치시,세종특별자치시,조치원읍,36110250
세종특별자치시,세종특별자치시,종촌동,36110540
세종특별자치시,세종특별자치시,한솔동,36110510
세종특별자치시,세종특별자치시,해밀동,36110525
울산광역시,남구,달동,31140560
울산광역시,남구,대현동,31140625
울산광역시,남구,무거동,31140595
울산광역시,남구,삼산동,31140570
울산광역시,남구,삼호동,31140585
울산광역시,남구,선암동,31140640
울산광역시,남구,수암동,31140635
울산광역시,남구,신정1동,31140510
울산광역시,남구,신정2동,31140520
울산광역시,남구,신정3동,31140530
울산광역시,남구,신정4동,31140540
울산광역시,남구,신정5동,31140550
울산광역시,남구,야음장생포동,31140670
울산광역시,남구,옥동,31140600
울산광역시,동구,남목1동,31170580
울산광역시,동구,남목2동,31170590
울산광역시,동구,남목3동,31170600
울산광역시,동구,대송동,31170540
울산광역시,동구,방어동,31170510
울산광역시,동구,일산동,31170520
울산광역시,동구,전하1동,31170550
울산광역시,동구,전하2동,31170560
울산광역시,동구,화정동,31170530
울산광역시,북구,강동동,31200540
울산광역시,북구,농소1동,31200510
울산광역시,북구,농소2동,31200520
울산광역시,북구,농소3동,31200530
울산광역시,북구,송정동,31200570
울산광역시,북구,양정동,31200580
울산광역시,북구,염포동,31200590
울산광역시,북구,효문동,31200560
울산광역시,울주군,두동면,31710360
울산광역시,울주군,두서면,31710370
울산광역시,울주군,범서읍,31710259
울산광역시,울주군,삼남읍,31710265
울산광역시,울주군,삼동면,31710400
울산광역시,울주군,상북면,31710380
울산광역시,울주군,서생면,31710310
울산광역시,울주군,언양읍,31710253
울산광역시,울주군,온산읍,31710250
울산광역시,울주군,온양읍,31710256
울산광역시,울주군,웅촌면,31710340
울산광역시,울주군,청량읍,31710262
울산광역시,중구,다운동,31110610
울산광역시,중구,반구1동,31110520
울산광역시,중구,반구2동,31110530
울산광역시,중구,병영1동,31110620
울산광역시,중구,병영2동,31110630
울산광역시,중구,복산동,31110555
울산광역시,중구,성안동,31110650
울산광역시,중구,약사동,31110640
울산광역시,중구,우정동,31110590
울산광역시,중구,중앙동,31110585
울산광역시,중구,태화동,31110600
울산광역시,중구,학성동,31110510
인천광역시,강화군,강화읍,28710250
인천광역시,강화군,교동면,28710400
인천광역시,강화군,길상면,28710330
인천광역시,강화군,내가면,28710360
인천광역시,강화군,불은면,28710320
인천광역시,강화군,삼산면,28710410
인천광역시,강화군,서도면,28710420
인천광역시,강화군,선원면,28710310
인천광역시,강화군,송해면,28710390
인천광역시,강화군,양도면,28710350
인천광역시,강화군,양사면,28710380
인천광역시,강화군,하점면,28710370
인천광역시,강화군,화도면,28710340
인천광역시,계양구,계산1동,28245611
인천광역시,계양구,계산2동,28245612
인천광역시,계양구,계산3동,28245613
인천광역시,계양구,계산4동,28245614
인천광역시,계양구,계양1동,28245710
인천광역시,계양구,계양2동,28245720
인천광역시,계양구,계양3동,28245730
인천광역시,계양구,작전1동,28245621
인천광역시,계양구,작전2동,28245622
인천광역시,계양구,작전서운동,28245640
인천광역시,계양구,효성1동,28245601
인천광역시,계양구,효성2동,28245602
인천광역시,남동구,간석1동,28200530
인천광역시,남동구,간석2동,28200540
인천광역시,남동구,간석3동,28200550
인천광역시,남동구,간석4동,28200551
인천광역시,남동구,구월1동,28200510
인천광역시,남동구,구월2동,28200520
인천광역시,남동구,구월3동,28200521
인천광역시,남동구,구월4동,28200522
인천광역시,남동구,남촌도림동,28200660
인천광역시,남동구,논현1동,28200690
인천광역시,남동구,논현2동,28200700
인천광역시,남동구,논현고잔동,28200710
인천광역시,남동구,만수1동,28200560
인천광역시,남동구,만수2동,28200570
인천광역시,남동구,만수3동,28200580
인천광역시,남동구,만수4동,28200581
인천광역시,남동구,만수5동,28200582
인천광역시,남동구,만수6동,28200583
인천광역시,남동구,서창2동,28200655
인천광역시,남동구,장수서창동,28200650
인천광역시,동구,금창동,28140640
인천광역시,동구,만석동,28140510
인천광역시,동구,송림1동,28140580
인천광역시,동구,송림2동,28140590
인천광역시,동구,송림3.5동,28140605
인천광역시,동구,송림4동,28140610
인천광역시,동구,송림6동,28140630
인천광역시,동구,송현1.2동,28140555
인천광역시,동구,송현3동,28140570
인천광역시,동구,화수1.화평동,28140525
인천광역시,동구,화수2동,28140530
인천광역시,미추홀구,관교동,28177700
인천광역시,미추홀구,도화1동,28177600
인천광역시,미추홀구,도화2.3동,28177610
인천광역시,미추홀구,문학동,28177710
인천광역시,미추홀구,숭의1.3동,28177520
인천광역시,미추홀구,숭의2동,28177510
인천광역시,미추홀구,숭의4동,28177530
인천광역시,미추홀구,용현1.4동,28177540
인천광역시,미추홀구,용현2동,28177550
인천광역시,미추홀구,용현3동,28177560
인천광역시,미추홀구,용현5동,28177570
인천광역시,미추홀구,주안1동,28177620
인천광역시,미추홀구,주안2동,28177630
인천광역시,미추홀구,주안3동,28177640
인천광역시,미추홀구,주안4동,28177650
인천광역시,미추홀구,주안5동,28177660
인천광역시,미추홀구,주안6동,28177670
인천광역시,미추홀구,주안7동,28177680
인천광역시,미추홀구,주안8동,28177690
인천광역시,미추홀구,학익1동,28177580
인천광역시,미추홀구,학익2동,28177590
인천광역시,부평구,갈산1동,28237641
인천광역시,부평구,갈산2동,28237642
인천광역시,부평구,부개1동,28237650
인천광역시,부평구,부개2동,28237660
인천광역시,부평구,부개3동,28237661
인천광역시,부평구,부평1동,28237510
인천광역시,부평구,부평2동,28237520
인천광역시,부평구,부평3동,28237530
인천광역시,부평구,부평4동,28237540
인천광역시,부평구,부평5동,28237550
인천광역시,부평구,부평6동,28237560
인천광역시,부평구,산곡1동,28237570
인천광역시,부평구,산곡2동,28237580
인천광역시,부평구,산곡3동,28237581
인천광역시,부평구,산곡4동,28237582
인천광역시,부평구,삼산1동,28237646
인천광역시,부평구,삼산2동,28237648
인천광역시,부평구,십정1동,28237680
인천광역시,부평구,십정2동,28237690
인천광역시,부평구,일신동,28237670
인천광역시,부평구,청천1동,28237591
인천광역시,부평구,청천2동,28237592
인천광역시,서구,가정1동,28260542
인천광역시,서구,가정2동,28260543
인천광역시,서구,가정3동,28260544
인천광역시,서구,가좌1동,28260580
인천광역시,서구,가좌2동,28260590
인천광역시,서구,가좌3동,28260600
인천광역시,서구,가좌4동,28260610
인천광역시,서구,검단동,28260680
인천광역시,서구,검암경서동,28260515
인천광역시,서구,당하동,28260710
인천광역시,서구,마전동,28260730
인천광역시,서구,불로대곡동,28260690
인천광역시,서구,석남1동,28260550
인천광역시,서구,석남2동,28260560
인천광역시,서구,석남3동,28260561
인천광역시,서구,신현원창동,28260575
인천광역시,서구,아라동,28260740
인천광역시,서구,연희동,28260530
인천광역시,서구,오류왕길동,28260720
인천광역시,서구,원당동,28260700
인천광역시,서구,청라1동,28260536
인천광역시,서구,청라2동,28260537
인천광역시,서구,청라3동,28260539
인천광역시,연수구,동춘1동,28185780
인천광역시,연수구,동춘2동,28185790
인천광역시,연수구,동춘3동,28185795
인천광역시,연수구,선학동,28185750
인천광역시,연수구,송도1동,28185820
인천광역시,연수구,송도2동,28185830
인천광역시,연수구,송도3동,28185840
인천광역시,연수구,송도4동,28185850
인천광역시,연수구,송도5동,28185860
인천광역시,연수구,연수1동,28185761
인천광역시,연수구,연수2동,28185762
인천광역시,연수구,연수3동,28185763
인천광역시,연수구,옥련1동,28185630
인천광역시,연수구,옥련2동,28185640
인천광역시,연수구,청학동,28185766
인천광역시,옹진군,대청면,28720340
인천광역시,옹진군,덕적면,28720350
인천광역시,옹진군,백령면,28720330
인천광역시,옹진군,북도면,28720310
인천광역시,옹진군,연평면,28720380
인천광역시,옹진군,영흥면,28720360
인천광역시,옹진군,자월면,28720370
인천광역시,중구,개항동,28110615
인천광역시,중구,도원동,28110560
인천광역시,중구,동인천동,28110585
인천광역시,중구,신포동,28110530
인천광역시,중구,신흥동,28110540
인천광역시,중구,연안동,28110520
인천광역시,중구,영종1동,28110622
인천광역시,중구,영종2동,28110623
인천광역시,중구,영종동,28110620
인천광역시,중구,용유동,28110630
인천광역시,중구,운서동,28110628
인천광역시,중구,율목동,28110570
전라남도,강진군,강진읍,46810250
전라남도,강진군,군동면,46810310
전라남도,강진군,대구면,46810330
전라남도,강진군,도암면,46810340
전라남도,강진군,마량면,46810400
전라남도,강진군,병영면,46810380
전라남도,강진군,성전면,46810360
전라남도,강진군,신전면,46810350
전라남도,강진군,옴천면,46810390
전라남도,강진군,작천면,46810370
전라남도,강진군,칠량면,46810320
전라남도,고흥군,고흥읍,46770250
전라남도,고흥군,과역면,46770380
전라남도,고흥군,금산면,46770330
전라남도,고흥군,남양면,46770390
전라남도,고흥군,대서면,46770410
전라남도,고흥군,도덕면,46770320
전라남도,고흥군,도양읍,46770253
전라남도,고흥군,도화면,46770340
전라남도,고흥군,동강면,46770400
전라남도,고흥군,동일면,46770450
전라남도,고흥군,두원면,46770420
전라남도,고흥군,봉래면,46770360
전라남도,고흥군,영남면,46770440
전라남도,고흥군,점암면,46770370
전라남도,고흥군,포두면,46770350
전라남도,고흥군,풍양면,46770310
전라남도,곡성군,겸면,46720390
전라남도,곡성군,고달면,46720360
전라남도,곡성군,곡성읍,46720250
전라남도,곡성군,목사동면,46720340
전라남도,곡성군,삼기면,46720320
전라남도,곡성군,석곡면,46720330
전라남도,곡성군,오곡면,46720310
전라남도,곡성군,오산면,46720400
전라남도,곡성군,옥과면,46720370
전라남도,곡성군,입면,46720380
전라남도,곡성군,죽곡면,46720350
전라남도,광양시,골약동,46230515
전라남도,광양시,광양읍,46230250
전라남도,광양시,광영동,46230540
전라남도,광양시,금호동,46230550
전라남도,광양시,다압면,46230360
전라남도,광양시,봉강면,46230310
전라남도,광양시,옥곡면,46230330
전라남도,광양시,옥룡면,46230320
전라남도,광양시,중마동,46230530
전라남도,광양시,진상면,46230340
전라남도,광양시,진월면,46230350
전라남도,광양시,태인동,46230570
전라남도,구례군,간전면,46730320
전라남도,구례군,광의면,46730350
전라남도,구례군,구례읍,46730250
전라남도,구례군,마산면,46730340
전라남도,구례군,문척면,46730310
전라남도,구례군,산동면,46730370
전라남도,구례군,용방면,46730360
전라남도,구례군,토지면,46730330
전라남도,나주시,공산면,46170340
전라남도,나주시,금남동,46170540
전라남도,나주시,금천면,46170390
전라남도,나주시,남평읍,46170250
전라남도,나주시,노안면,46170380
전라남도,나주시,다도면,46170420
전라남도,나주시,다시면,46170360
전라남도,나주시,동강면,46170350
전라남도,나주시,문평면,46170370
전라남도,나주시,반남면,46170330
전라남도,나주시,봉황면,46170430
전라남도,나주시,빛가람동,46170620
전라남도,나주시,산포면,46170400
전라남도,나주시,성북동,46170550
전라남도,나주시,세지면,46170310
전라남도,나주시,송월동,46170510
전라남도,나주시,영강동,46170520
전라남도,나주시,영산동,46170580
전라남도,나주시,왕곡면,46170320
전라남도,나주시,이창동,46170600
전라남도,담양군,가사문학면,46710335
전라남도,담양군,고서면,46710320
전라남도,담양군,금성면,46710370
전라남도,담양군,담양읍,46710250
전라남도,담양군,대덕면,46710350
전라남도,담양군,대전면,46710410
전라남도,담양군,무정면,46710360
전라남도,담양군,봉산면,46710310
전라남도,담양군,수북면,46710400
전라남도,담양군,용면,46710380
전라남도,담양군,월산면,46710390
전라남도,담양군,창평면,46710340
전라남도,목포시,대성동,46110565
전라남도,목포시,동명동,46110640
전라남도,목포시,만호동,46110655
전라남도,목포시,목원동,46110595
전라남도,목포시,부주동,46110810
전라남도,목포시,부흥동,46110800
전라남도,목포시,북항동,46110705
전라남도,목포시,산정동,46110545
전라남도,목포시,삼학동,46110645
전라남도,목포시,삼향동,46110780
전라남도,목포시,상동,46110756
전라남도,목포시,신흥동,46110758
전라남도,목포시,연동,46110535
전라남도,목포시,연산동,46110554
전라남도,목포시,옥암동,46110790
전라남도,목포시,용당1동,46110510
전라남도,목포시,용당2동,46110520
전라남도,목포시,용해동,46110745
전라남도,목포시,원산동,46110558
전라남도,목포시,유달동,46110660
전라남도,목포시,이로동,46110750
전라남도,목포시,죽교동,46110695
전라남도,목포시,하당동,46110757
전라남도,무안군,망운면,46840350
전라남도,무안군,몽탄면,46840320
전라남도,무안군,무안읍,46840250
전라남도,무안군,삼향읍,46840256
전라남도,무안군,운남면,46840370
전라남도,무안군,일로읍,46840253
전라남도,무안군,청계면,46840330
전라남도,무안군,해제면,46840360
전라남도,무안군,현경면,46840340
전라남도,보성군,겸백면,46780330
전라남도,보성군,노동면,46780310
전라남도,보성군,득량면,46780380
전라남도,보성군,문덕면,46780360
전라남도,보성군,미력면,46780320
전라남도,보성군,벌교읍,46780253
전라남도,보성군,보성읍,46780250
전라남도,보성군,복내면,46780350
전라남도,보성군,웅치면,46780400
전라남도,보성군,율어면,46780340
전라남도,보성군,조성면,46780370
전라남도,보성군,회천면,46780390
전라남도,순천시,낙안면,46150380
전라남도,순천시,남제동,46150590
전라남도,순천시,덕연동,46150570
전라남도,순천시,도사동,46150635
전라남도,순천시,매곡동,46150540
전라남도,순천시,별량면,46150390
전라남도,순천시,삼산동,46150550
전라남도,순천시,상사면,46150400
전라남도,순천시,서면,46150320
전라남도,순천시,송광면,46150360
전라남도,순천시,승주읍,46150250
전라남도,순천시,왕조1동,46150661
전라남도,순천시,왕조2동,46150665
전라남도,순천시,외서면,46150370
전라남도,순천시,월등면,46150340
전라남도,순천시,장천동,46150610
전라남도,순천시,저전동,46150600
전라남도,순천시,조곡동,46150560
전라남도,순천시,주암면,46150350
전라남도,순천시,중앙동,46150620
전라남도,순천시,풍덕동,46150580
전라남도,순천시,해룡면,46150310
전라남도,순천시,향동,46150515
전라남도,순천시,황전면,46150330
전라남도,신안군,도초면,46910350
전라남도,신안군,비금면,46910340
전라남도,신안군,신의면,46910380
전라남도,신안군,안좌면,46910400
전라남도,신안군,암태면,46910420
전라남도,신안군,압해읍,46910253
전라남도,신안군,임자면,46910320
전라남도,신안군,자은면,46910330
전라남도,신안군,장산면,46910390
전라남도,신안군,증도면,46910310
전라남도,신안군,지도읍,46910250
전라남도,신안군,팔금면,46910410
전라남도,신안군,하의면,46910370
전라남도,신안군,흑산면,46910360
전라남도,여수시,광림동,46130625
전라남도,여수시,국동,46130670
전라남도,여수시,남면,46130340
전라남도,여수시,대교동,46130655
전라남도,여수시,돌산읍,46130250
전라남도,여수시,동문동,46130515
전라남도,여수시,둔덕동,46130740
전라남도,여수시,만덕동,46130765
전라남도,여수시,묘도동,46130830
전라남도,여수시,문수동,46130710
전라남도,여수시,미평동,46130730
전라남도,여수시,삼산면,46130360
전라남도,여수시,삼일동,46130820
전라남도,여수시,서강동,46130635
전라남도,여수시,소라면,46130310
전라남도,여수시,시전동,46130790
전라남도,여수시,쌍봉동,46130780
전라남도,여수시,여서동,46130700
전라남도,여수시,여천동,46130800
전라남도,여수시,월호동,46130685
전라남도,여수시,율촌면,46130320
전라남도,여수시,주삼동,46130810
전라남도,여수시,중앙동,46130570
전라남도,여수시,충무동,46130600
전라남도,여수시,한려동,46130535
전라남도,여수시,화양면,46130330
전라남도,여수시,화정면,46130350
전라남도,영광군,군남면,46870350
전라남도,영광군,군서면,46870340
전라남도,영광군,낙월면,46870380
전라남도,영광군,대마면,46870310
전라남도,영광군,묘량면,46870320
전라남도,영광군,백수읍,46870253
전라남도,영광군,법성면,46870370
전라남도,영광군,불갑면,46870330
전라남도,영광군,염산면,46870360
전라남도,영광군,영광읍,46870250
전라남도,영광군,홍농읍,46870256
전라남도,영암군,군서면,46830360
전라남도,영암군,금정면,46830320
전라남도,영암군,덕진면,46830310
전라남도,영암군,도포면,46830350
전라남도,영암군,미암면,46830390
전라남도,영암군,삼호읍,46830253
전라남도,영암군,서호면,46830370
전라남도,영암군,시종면,46830340
전라남도,영암군,신북면,46830330
전라남도,영암군,영암읍,46830250
전라남도,영암군,학산면,46830380
전라남도,완도군,고금면,46890330
전라남도,완도군,군외면,46890310
전라남도,완도군,금당면,46890370
전라남도,완도군,금일읍,46890253
전라남도,완도군,노화읍,46890256
전라남도,완도군,보길면,46890380
전라남도,완도군,생일면,46890390
전라남도,완도군,소안면,46890360
전라남도,완도군,신지면,46890320
전라남도,완도군,약산면,46890340
전라남도,완도군,완도읍,46890250
전라남도,완도군,청산면,46890350
전라남도,장성군,남면,46880320
전라남도,장성군,동화면,46880330
전라남도,장성군,북이면,46880390
전라남도,장성군,북일면,46880380
전라남도,장성군,북하면,46880400
전라남도,장성군,삼계면,46880350
전라남도,장성군,삼서면,46880340
전라남도,장성군,서삼면,46880370
전라남도,장성군,장성읍,46880250
전라남도,장성군,진원면,46880310
전라남도,장성군,황룡면,46880360
전라남도,장흥군,관산읍,46800253
전라남도,장흥군,대덕읍,46800256
전라남도,장흥군,부산면,46800360
전라남도,장흥군,안양면,46800320
전라남도,장흥군,용산면,46800310
전라남도,장흥군,유치면,46800350
전라남도,장흥군,장동면,46800330
전라남도,장흥군,장평면,46800340
전라남도,장흥군,장흥읍,46800250
전라남도,장흥군,회진면,46800370
전라남도,진도군,고군면,46900320
전라남도,진도군,군내면,46900310
전라남도,진도군,의신면,46900330
전라남도,진도군,임회면,46900340
전라남도,진도군,조도면,46900360
전라남도,진도군,지산면,46900350
전라남도,진도군,진도읍,46900250
전라남도,함평군,나산면,46860360
전라남도,함평군,대동면,46860350
전라남도,함평군,손불면,46860310
전라남도,함평군,신광면,46860320
전라남도,함평군,엄다면,46860340
전라남도,함평군,월야면,46860380
전라남도,함평군,학교면,46860330
전라남도,함평군,함평읍,46860250
전라남도,함평군,해보면,46860370
전라남도,해남군,계곡면,46820380
전라남도,해남군,마산면,46820390
전라남도,해남군,문내면,46820420
전라남도,해남군,북일면,46820360
전라남도,해남군,북평면,46820350
전라남도,해남군,산이면,46820410
전라남도,해남군,삼산면,46820310
전라남도,해남군,송지면,46820340
전라남도,해남군,옥천면,46820370
전라남도,해남군,해남읍,46820250
전라남도,해남군,현산면,46820330
전라남도,해남군,화산면,46820320
전라남도,해남군,화원면,46820430
전라남도,해남군,황산면,46820400
전라남도,화순군,능주면,46790350
전라남도,화순군,도곡면,46790360
전라남도,화순군,도암면,46790370
전라남도,화순군,동면,46790420
전라남도,화순군,동복면,46790400
전라남도,화순군,백아면,46790395
전라남도,화순군,사평면,46790415
전라남도,화순군,이서면,46790380
전라남도,화순군,이양면,46790340
전라남도,화순군,청풍면,46790330
전라남도,화순군,춘양면,46790320
전라남도,화순군,한천면,46790310
전라남도,화순군,화순읍,46790250
전북특별자치도,고창군,고수면,52790310
전북특별자치도,고창군,고창읍,52790250
전북특별자치도,고창군,공음면,52790340
전북특별자치도,고창군,대산면,52790380
전북특별자치도,고창군,무장면,52790330
전북특별자치도,고창군,부안면,52790430
전북특별자치도,고창군,상하면,52790350
전북특별자치도,고창군,성내면,52790410
전북특별자치도,고창군,성송면,52790370
전북특별자치도,고창군,신림면,52790420
전북특별자치도,고창군,심원면,52790390
전북특별자치도,고창군,아산면,52790320
전북특별자치도,고창군,해리면,52790360
전북특별자치도,고창군,흥덕면,52790400
전북특별자치도,군산시,개정동,52130680
전북특별자치도,군산시,개정면,52130360
전북특별자치도,군산시,경암동,52130660
전북특별자치도,군산시,구암동,52130670
전북특별자치도,군산시,나운1동,52130701
전북특별자치도,군산시,나운2동,52130702
전북특별자치도,군산시,나운3동,52130703
전북특별자치도,군산시,나포면,52130380
전북특별자치도,군산시,대야면,52130350
전북특별자치도,군산시,미성동,52130720
전북특별자치도,군산시,삼학동,52130560
전북특별자치도,군산시,서수면,52130340
전북특별자치도,군산시,성산면,52130370
전북특별자치도,군산시,소룡동,52130710
전북특별자치도,군산시,수송동,52130690
전북특별자치도,군산시,신풍동,52130550
전북특별자치도,군산시,옥구읍,52130250
전북특별자치도,군산시,옥도면,52130390
전북특별자치도,군산시,옥산면,52130310
전북특별자치도,군산시,옥서면,52130400
전북특별자치도,군산시,월명동,52130530
전북특별자치도,군산시,임피면,52130330
전북특별자치도,군산시,조촌동,52130650
전북특별자치도,군산시,중앙동,52130605
전북특별자치도,군산시,해신동,52130515
전북특별자치도,군산시,회현면,52130320
전북특별자치도,군산시,흥남동,52130640
전북특별자치도,김제시,검산동,52210540
전북특별자치도,김제시,공덕면,52210380
전북특별자치도,김제시,광활면,52210460
전북특별자치도,김제시,교월동,52210580
전북특별자치도,김제시,금구면,52210420
전북특별자치도,김제시,금산면,52210450
전북특별자치도,김제시,만경읍,52210250
전북특별자치도,김제시,백구면,52210350
전북특별자치도,김제시,백산면,52210330
전북특별자치도,김제시,봉남면,52210430
전북특별자치도,김제시,부량면,52210360
전북특별자치도,김제시,성덕면,52210400
전북특별자치도,김제시,신풍동,52210520
전북특별자치도,김제시,요촌동,52210510
전북특별자치도,김제시,용지면,52210340
전북특별자치도,김제시,죽산면,52210320
전북특별자치도,김제시,진봉면,52210410
전북특별자치도,김제시,청하면,52210390
전북특별자치도,김제시,황산면,52210440
전북특별자치도,남원시,금동,52190550
전북특별자치도,남원시,금지면,52190350
전북특별자치도,남원시,노암동,52190540
전북특별자치도,남원시,대강면,52190360
전북특별자치도,남원시,대산면,52190370
전북특별자치도,남원시,덕과면,52190390
전북특별자치도,남원시,도통동,52190590
전북특별자치도,남원시,동충동,52190510
전북특별자치도,남원시,보절면,52190400
전북특별자치도,남원시,사매면,52190380
전북특별자치도,남원시,산내면,52190460
전북특별자치도,남원시,산동면,52190410
전북특별자치도,남원시,송동면,52190330
전북특별자치도,남원시,수지면,52190320
전북특별자치도,남원시,아영면,52190450
전북특별자치도,남원시,왕정동,52190560
전북특별자치도,남원시,운봉읍,52190250
전북특별자치도,남원시,이백면,52190420
전북특별자치도,남원시,인월면,52190470
전북특별자치도,남원시,주생면,52190340
전북특별자치도,남원시,주천면,52190310
전북특별자치도,남원시,죽항동,52190520
전북특별자치도,남원시,향교동,52190570
전북특별자치도,무주군,무주읍,52730250
전북특별자치도,무주군,무풍면,52730310
전북특별자치도,무주군,부남면,52730350
전북특별자치도,무주군,설천면,52730320
전북특별자치도,무주군,안성면,52730340
전북특별자치도,무주군,적상면,52730330
전북특별자치도,부안군,계화면,52800340
전북특별자치도,부안군,동진면,52800320
전북특별자치도,부안군,백산면,52800380
전북특별자치도,부안군,변산면,52800360
전북특별자치도,부안군,보안면,52800350
전북특별자치도,부안군,부안읍,52800250
전북특별자치도,부안군,상서면,52800390
전북특별자치도,부안군,위도면,52800420
전북특별자치도,부안군,주산면,52800310
전북특별자치도,부안군,줄포면,52800410
전북특별자치도,부안군,진서면,52800370
전북특별자치도,부안군,하서면,52800400
전북특별자치도,부안군,행안면,52800330
전북특별자치도,순창군,구림면,52770400
전북특별자치도,순창군,금과면,52770340
전북특별자치도,순창군,동계면,52770320
전북특별자치도,순창군,복흥면,52770370
전북특별자치도,순창군,순창읍,52770250
전북특별자치도,순창군,쌍치면,52770360
전북특별자치도,순창군,유등면,52770390
전북특별자치도,순창군,인계면,52770310
전북특별자치도,순창군,적성면,52770380
전북특별자치도,순창군,팔덕면,52770350
전북특별자치도,순창군,풍산면,52770330
전북특별자치도,완주군,경천면,52710410
전북특별자치도,완주군,고산면,52710360
전북특별자치도,완주군,구이면,52710350
전북특별자치도,완주군,동상면,52710400
전북특별자치도,완주군,봉동읍,52710253
전북특별자치도,완주군,비봉면,52710370
전북특별자치도,완주군,삼례읍,52710250
전북특별자치도,완주군,상관면,52710320
전북특별자치도,완주군,소양면,52710340
전북특별자치도,완주군,용진읍,52710256
전북특별자치도,완주군,운주면,52710380
전북특별자치도,완주군,이서면,52710330
전북특별자치도,완주군,화산면,52710390
전북특별자치도,익산시,금마면,52140400
전북특별자치도,익산시,남중동,52140595
전북특별자치도,익산시,낭산면,52140370
전북특별자치도,익산시,동산동,52140570
전북특별자치도,익산시,마동,52140580
전북특별자치도,익산시,망성면,52140380
전북특별자치도,익산시,모현동,52140610
전북특별자치도,익산시,삼기면,52140430
전북특별자치도,익산시,삼성동,52140690
전북특별자치도,익산시,성당면,52140350
전북특별자치도,익산시,송학동,52140620
전북특별자치도,익산시,신동,52140656
전북특별자치도,익산시,어양동,52140652
전북특별자치도,익산시,여산면,52140390
전북특별자치도,익산시,영등1동,52140646
전북특별자치도,익산시,영등2동,52140647
전북특별자치도,익산시,오산면,52140310
전북특별자치도,익산시,왕궁면,52140410
전북특별자치도,익산시,용동면,52140440
전북특별자치도,익산시,용안면,52140360
전북특별자치도,익산시,웅포면,52140340
전북특별자치도,익산시,인화동,52140560
전북특별자치도,익산시,중앙동,52140520
전북특별자치도,익산시,춘포면,52140420
전북특별자치도,익산시,팔봉동,52140670
전북특별자치도,익산시,평화동,52140530
전북특별자치도,익산시,함라면,52140330
전북특별자치도,익산시,함열읍,52140250
전북특별자치도,익산시,황등면,52140320
전북특별자치도,임실군,강진면,52750390
전북특별자치도,임실군,관촌면,52750380
전북특별자치도,임실군,덕치면,52750400
전북특별자치도,임실군,삼계면,52750370
전북특별자치도,임실군,성수면,52750340
전북특별자치도,임실군,신덕면,52750360
전북특별자치도,임실군,신평면,52750330
전북특별자치도,임실군,오수면,52750355
전북특별자치도,임실군,운암면,52750320
전북특별자치도,임실군,임실읍,52750250
전북특별자치도,임실군,지사면,52750410
전북특별자치도,임실군,청웅면,52750310
전북특별자치도,장수군,계남면,52740350
전북특별자치도,장수군,계북면,52740360
전북특별자치도,장수군,번암면,52740320
전북특별자치도,장수군,산서면,52740310
전북특별자치도,장수군,장계면,52740335
전북특별자치도,장수군,장수읍,52740250
전북특별자치도,장수군,천천면,52740340
전북특별자치도,전주시 덕진구,금암1동,52113580
전북특별자치도,전주시 덕진구,금암2동,52113590
전북특별자치도,전주시 덕진구,덕진동,52113570
전북특별자치도,전주시 덕진구,송천1동,52113641
전북특별자치도,전주시 덕진구,송천2동,52113642
전북특별자치도,전주시 덕진구,여의동,52113665
전북특별자치도,전주시 덕진구,우아1동,52113611
전북특별자치도,전주시 덕진구,우아2동,52113612
전북특별자치도,전주시 덕진구,인후1동,52113540
전북특별자치도,전주시 덕진구,인후2동,52113550
전북특별자치도,전주시 덕진구,인후3동,52113560
전북특별자치도,전주시 덕진구,조촌동,52113650
전북특별자치도,전주시 덕진구,진북동,52113525
전북특별자치도,전주시 덕진구,팔복동,52113600
전북특별자치도,전주시 덕진구,혁신동,52113670
전북특별자치도,전주시 덕진구,호성동,52113620
전북특별자치도,전주시 완산구,노송동,52111605
전북특별자치도,전주시 완산구,동서학동,52111650
전북특별자치도,전주시 완산구,삼천1동,52111701
전북특별자치도,전주시 완산구,삼천2동,52111702
전북특별자치도,전주시 완산구,삼천3동,52111703
전북특별자치도,전주시 완산구,서서학동,52111660
전북특별자치도,전주시 완산구,서신동,52111680
전북특별자치도,전주시 완산구,완산동,52111635
전북특별자치도,전주시 완산구,중앙동,52111510
전북특별자치도,전주시 완산구,중화산1동,52111671
전북특별자치도,전주시 완산구,중화산2동,52111672
전북특별자치도,전주시 완산구,평화1동,52111691
전북특별자치도,전주시 완산구,평화2동,52111692
전북특별자치도,전주시 완산구,풍남동,52111530
전북특별자치도,전주시 완산구,효자1동,52111711
전북특별자치도,전주시 완산구,효자2동,52111712
전북특별자치도,전주시 완산구,효자3동,52111713
전북특별자치도,전주시 완산구,효자4동,52111714
전북특별자치도,전주시 완산구,효자5동,52111730
전북특별자치도,정읍시,감곡면,52180400
전북특별자치도,정읍시,고부면,52180340
전북특별자치도,정읍시,내장상동,52180535
전북특별자치도,정읍시,농소동,52180580
전북특별자치도,정읍시,덕천면,52180360
전북특별자치도,정읍시,북면,52180310
전북특별자치도,정읍시,산내면,52180430
전북특별자치도,정읍시,산외면,52180440
전북특별자치도,정읍시,상교동,52180595
전북특별자치도,정읍시,소성면,52180330
전북특별자치도,정읍시,수성동,52180510
전북특별자치도,정읍시,시기동,52180545
전북특별자치도,정읍시,신태인읍,52180250
전북특별자치도,정읍시,연지동,52180570
전북특별자치도,정읍시,영원면,52180350
전북특별자치도,정읍시,옹동면,52180410
전북특별자치도,정읍시,이평면,52180370
전북특별자치도,정읍시,입암면,52180320
전북특별자치도,정읍시,장명동,52180520
전북특별자치도,정읍시,정우면,52180380
전북특별자치도,정읍시,초산동,52180565
전북특별자치도,정읍시,칠보면,52180420
전북특별자치도,정읍시,태인면,52180390
전북특별자치도,진안군,동향면,52720330
전북특별자치도,진안군,마령면,52720370
전북특별자치도,진안군,백운면,52720350
전북특별자치도,진안군,부귀면,52720380
전북특별자치도,진안군,상전면,52720340
전북특별자치도,진안군,성수면,52720360
전북특별자치도,진안군,안천면,52720320
전북특별자치도,진안군,용담면,52720310
전북특별자치도,진안군,정천면,52720390
전북특별자치도,진안군,주천면,52720400
전북특별자치도,진안군,진안읍,52720250
제주특별자치도,서귀포시,남원읍,50130253
제주특별자치도,서귀포시,대륜동,50130590
제주특별자치도,서귀포시,대정읍,50130250
제주특별자치도,서귀포시,대천동,50130600
제주특별자치도,서귀포시,동홍동,50130570
제주특별자치도,서귀포시,서홍동,50130580
제주특별자치도,서귀포시,성산읍,50130259
제주특별자치도,서귀포시,송산동,50130510
제주특별자치도,서귀포시,안덕면,50130310
제주특별자치도,서귀포시,영천동,50130560
제주특별자치도,서귀포시,예래동,50130620
제주특별자치도,서귀포시,정방동,50130520
제주특별자치도,서귀포시,중문동,50130610
제주특별자치도,서귀포시,중앙동,50130530
제주특별자치도,서귀포시,천지동,50130540
제주특별자치도,서귀포시,표선면,50130320
제주특별자치도,서귀포시,효돈동,50130550
제주특별자치도,제주시,건입동,50110590
제주특별자치도,제주시,구좌읍,50110256
제주특별자치도,제주시,노형동,50110660
제주특별자치도,제주시,도두동,50110690
제주특별자치도,제주시,봉개동,50110620
제주특별자치도,제주시,삼도1동,50110550
제주특별자치도,제주시,삼도2동,50110560
제주특별자치도,제주시,삼양동,50110610
제주특별자치도,제주시,아라동,50110630
제주특별자치도,제주시,애월읍,50110253
제주특별자치도,제주시,연동,50110650
제주특별자치도,제주시,오라동,50110640
제주특별자치도,제주시,외도동,50110670
제주특별자치도,제주시,용담1동,50110570
제주특별자치도,제주시,용담2동,50110580
제주특별자치도,제주시,우도면,50110330
제주특별자치도,제주시,이도1동,50110530
제주특별자치도,제주시,이도2동,50110540
제주특별자치도,제주시,이호동,50110680
제주특별자치도,제주시,일도1동,50110510
제주특별자치도,제주시,일도2동,50110520
제주특별자치도,제주시,조천읍,50110259
제주특별자치도,제주시,추자면,50110320
제주특별자치도,제주시,한경면,50110310
제주특별자치도,제주시,한림읍,50110250
제주특별자치도,제주시,화북동,50110600
충청남도,계룡시,금암동,44250510
충청남도,계룡시,두마면,44250310
충청남도,계룡시,신도안면,44250330
충청남도,계룡시,엄사면,44250315
충청남도,공주시,계룡면,44150330
충청남도,공주시,금학동,44150550
충청남도,공주시,반포면,44150340
충청남도,공주시,사곡면,44150390
충청남도,공주시,신관동,44150570
충청남도,공주시,신풍면,44150400
충청남도,공주시,옥룡동,44150560
충청남도,공주시,우성면,44150380
충청남도,공주시,웅진동,44150540
충청남도,공주시,월송동,44150590
충청남도,공주시,유구읍,44150250
충청남도,공주시,의당면,44150360
충청남도,공주시,이인면,44150310
충청남도,공주시,정안면,44150370
충청남도,공주시,중학동,44150510
충청남도,공주시,탄천면,44150320
충청남도,금산군,군북면,44710340
충청남도,금산군,금산읍,44710250
충청남도,금산군,금성면,44710310
충청남도,금산군,남이면,44710360
충청남도,금산군,남일면,44710350
충청남도,금산군,복수면,44710380
충청남도,금산군,부리면,44710330
충청남도,금산군,제원면,44710320
충청남도,금산군,진산면,44710370
충청남도,금산군,추부면,44710390
충청남도,논산시,가야곡면,44230400
충청남도,논산시,강경읍,44230250
충청남도,논산시,광석면,44230320
충청남도,논산시,노성면,44230330
충청남도,논산시,벌곡면,44230380
충청남도,논산시,부적면,44230350
충청남도,논산시,부창동,44230520
충청남도,논산시,상월면,44230340
충청남도,논산시,성동면,44230310
충청남도,논산시,양촌면,44230390
충청남도,논산시,연무읍,44230253
충청남도,논산시,연산면,44230360
충청남도,논산시,은진면,44230410
충청남도,논산시,채운면,44230420
충청남도,논산시,취암동,44230510
충청남도,당진시,고대면,44270310
충청남도,당진시,당진1동,44270510
충청남도,당진시,당진2동,44270520
충청남도,당진시,당진3동,44270530
충청남도,당진시,대호지면,44270330
충청남도,당진시,면천면,44270350
충청남도,당진시,석문면,44270320
충청남도,당진시,송산면,44270390
충청남도,당진시,송악읍,44270253
충청남도,당진시,순성면,44270360
충청남도,당진시,신평면,44270380
충청남도,당진시,우강면,44270370
충청남도,당진시,정미면,44270340
충청남도,당진시,합덕읍,44270250
충청남도,보령시,남포면,44180360
충청남도,보령시,대천1동,44180515
충청남도,보령시,대천2동,44180525
충청남도,보령시,대천3동,44180535
충청남도,보령시,대천4동,44180545
충청남도,보령시,대천5동,44180565
충청남도,보령시,미산면,44180390
충청남도,보령시,성주면,44180400
충청남도,보령시,오천면,44180320
충청남도,보령시,웅천읍,44180250
충청남도,보령시,주교면,44180410
충청남도,보령시,주산면,44180380
충청남도,보령시,주포면,44180310
충청남도,보령시,천북면,44180330
충청남도,보령시,청라면,44180350
충청남도,보령시,청소면,44180340
충청남도,부여군,구룡면,44760350
충청남도,부여군,규암면,44760310
충청남도,부여군,남면,44760380
충청남도,부여군,내산면,44760340
충청남도,부여군,부여읍,44760250
충청남도,부여군,석성면,44760440
충청남도,부여군,세도면,44760430
충청남도,부여군,양화면,44760400
충청남도,부여군,옥산면,44760370
충청남도,부여군,외산면,44760330
충청남도,부여군,은산면,44760320
충청남도,부여군,임천면,44760410
충청남도,부여군,장암면,44760420
충청남도,부여군,초촌면,44760450
충청남도,부여군,충화면,44760390
충청남도,부여군,홍산면,44760360
충청남도,서산시,고북면,44210400
충청남도,서산시,대산읍,44210250
충청남도,서산시,동문1동,44210525
충청남도,서산시,동문2동,44210535
충청남도,서산시,부석면,44210320
충청남도,서산시,부춘동,44210510
충청남도,서산시,석남동,44210550
충청남도,서산시,성연면,44210360
충청남도,서산시,수석동,44210540
충청남도,서산시,운산면,44210380
충청남도,서산시,음암면,44210370
충청남도,서산시,인지면,44210310
충청남도,서산시,지곡면,44210340
충청남도,서산시,팔봉면,44210330
충청남도,서산시,해미면,44210390
충청남도,서천군,기산면,44770330
충청남도,서천군,마산면,44770350
충청남도,서천군,마서면,44770310
충청남도,서천군,문산면,44770370
충청남도,서천군,비인면,44770400
충청남도,서천군,서면,44770410
충청남도,서천군,서천읍,44770253
충청남도,서천군,시초면,44770360
충청남도,서천군,장항읍,44770250
충청남도,서천군,종천면,44770390
충청남도,서천군,판교면,44770380
충청남도,서천군,한산면,44770340
충청남도,서천군,화양면,44770320
충청남도,아산시,도고면,44200400
충청남도,아산시,둔포면,44200360
충청남도,아산시,배방읍,44200253
충청남도,아산시,선장면,44200390
충청남도,아산시,송악면,44200310
충청남도,아산시,신창면,44200410
충청남도,아산시,염치읍,44200250
충청남도,아산시,영인면,44200370
충청남도,아산시,온양1동,44200570
충청남도,아산시,온양2동,44200580
충청남도,아산시,온양3동,44200590
충청남도,아산시,온양4동,44200600
충청남도,아산시,온양5동,44200610
충청남도,아산시,온양6동,44200620
충청남도,아산시,음봉면,44200350
충청남도,아산시,인주면,44200380
충청남도,아산시,탕정면,44200330
충청남도,예산군,고덕면,44810380
충청남도,예산군,광시면,44810330
충청남도,예산군,대술면,44810310
충청남도,예산군,대흥면,44810340
충청남도,예산군,덕산면,44810360
충청남도,예산군,봉산면,44810370
충청남도,예산군,삽교읍,44810253
충청남도,예산군,신암면,44810390
충청남도,예산군,신양면,44810320
충청남도,예산군,예산읍,44810250
충청남도,예산군,오가면,44810400
충청남도,예산군,응봉면,44810350
충청남도,천안시 동남구,광덕면,44131320
충청남도,천안시 동남구,동면,44131370
충청남도,천안시 동남구,목천읍,44131250
충청남도,천안시 동남구,문성동,44131520
충청남도,천안시 동남구,병천면,44131360
충청남도,천안시 동남구,봉명동,44131550
충청남도,천안시 동남구,북면,44131330
충청남도,천안시 동남구,성남면,44131340
충청남도,천안시 동남구,수신면,44131350
충청남도,천안시 동남구,신방동,44131570
충청남도,천안시 동남구,신안동,44131590
충청남도,천안시 동남구,원성1동,44131530
충청남도,천안시 동남구,원성2동,44131540
충청남도,천안시 동남구,일봉동,44131560
충청남도,천안시 동남구,중앙동,44131510
충청남도,천안시 동남구,청룡동,44131580
충청남도,천안시 동남구,풍세면,44131310
충청남도,천안시 서북구,백석동,44133560
충청남도,천안시 서북구,부성1동,44133580
충청남도,천안시 서북구,부성2동,44133590
충청남도,천안시 서북구,불당1동,44133566
충청남도,천안시 서북구,불당2동,44133567
충청남도,천안시 서북구,성거읍,44133253
충청남도,천안시 서북구,성정1동,44133510
충청남도,천안시 서북구,성정2동,44133520
충청남도,천안시 서북구,성환읍,44133250
충청남도,천안시 서북구,쌍용1동,44133530
충청남도,천안시 서북구,쌍용2동,44133540
충청남도,천안시 서북구,쌍용3동,44133550
충청남도,천안시 서북구,입장면,44133310
충청남도,천안시 서북구,직산읍,44133256
충청남도,청양군,남양면,44790370
충청남도,청양군,대치면,44790320
충청남도,청양군,목면,44790340
충청남도,청양군,비봉면,44790390
충청남도,청양군,운곡면,44790310
충청남도,청양군,장평면,44790360
충청남도,청양군,정산면,44790330
충청남도,청양군,청남면,44790350
충청남도,청양군,청양읍,44790250
충청남도,청양군,화성면,44790380
충청남도,태안군,고남면,44825310
충청남도,태안군,근흥면,44825330
충청남도,태안군,남면,44825320
충청남도,태안군,소원면,44825340
충청남도,태안군,안면읍,44825253
충청남도,태안군,원북면,44825350
충청남도,태안군,이원면,44825360
충청남도,태안군,태안읍,44825250
충청남도,홍성군,갈산면,44800380
충청남도,홍성군,결성면,44800360
충청남도,홍성군,광천읍,44800253
충청남도,홍성군,구항면,44800390
충청남도,홍성군,금마면,44800320
충청남도,홍성군,서부면,44800370
충청남도,홍성군,은하면,44800350
충청남도,홍성군,장곡면,44800340
충청남도,홍성군,홍동면,44800330
충청남도,홍성군,홍북읍,44800256
충청남도,홍성군,홍성읍,44800250
충청북도,괴산군,감물면,43760310
충청북도,괴산군,괴산읍,43760250
충청북도,괴산군,문광면,43760350
충청북도,괴산군,불정면,43760410
충청북도,괴산군,사리면,43760390
충청북도,괴산군,소수면,43760400
충청북도,괴산군,연풍면,43760330
충청북도,괴산군,장연면,43760320
충청북도,괴산군,청안면,43760370
충청북도,괴산군,청천면,43760360
충청북도,괴산군,칠성면,43760340
충청북도,단양군,가곡면,43800320
충청북도,단양군,단성면,43800360
충청북도,단양군,단양읍,43800250
충청북도,단양군,대강면,43800310
충청북도,단양군,매포읍,43800253
충청북도,단양군,어상천면,43800340
충청북도,단양군,영춘면,43800330
충청북도,단양군,적성면,43800350
충청북도,보은군,내북면,43720390
충청북도,보은군,마로면,43720330
충청북도,보은군,보은읍,43720250
충청북도,보은군,산외면,43720400
충청북도,보은군,삼승면,43720350
충청북도,보은군,속리산면,43720315
충청북도,보은군,수한면,43720360
충청북도,보은군,장안면,43720325
충청북도,보은군,탄부면,43720340
충청북도,보은군,회남면,43720370
충청북도,보은군,회인면,43720385
충청북도,영동군,매곡면,43740340
충청북도,영동군,상촌면,43740350
충청북도,영동군,심천면,43740400
충청북도,영동군,양강면,43740360
충청북도,영동군,양산면,43740390
충청북도,영동군,영동읍,43740250
충청북도,영동군,용산면,43740310
충청북도,영동군,용화면,43740370
충청북도,영동군,추풍령면,43740335
충청북도,영동군,학산면,43740380
충청북도,영동군,황간면,43740320
충청북도,옥천군,군북면,43730380
충청북도,옥천군,군서면,43730370
충청북도,옥천군,동이면,43730310
충청북도,옥천군,안남면,43730320
충청북도,옥천군,안내면,43730330
충청북도,옥천군,옥천읍,43730250
충청북도,옥천군,이원면,43730360
충청북도,옥천군,청산면,43730350
충청북도,옥천군,청성면,43730340
충청북도,음성군,감곡면,43770370
충청북도,음성군,금왕읍,43770253
충청북도,음성군,대소면,43770340
충청북도,음성군,맹동면,43770330
충청북도,음성군,삼성면,43770350
충청북도,음성군,생극면,43770360
충청북도,음성군,소이면,43770310
충청북도,음성군,원남면,43770320
충청북도,음성군,음성읍,43770250
충청북도,제천시,교동,43150510
충청북도,제천시,금성면,43150310
충청북도,제천시,남현동,43150537
충청북도,제천시,덕산면,43150340
충청북도,제천시,백운면,43150360
충청북도,제천시,봉양읍,43150250
충청북도,제천시,송학면,43150380
충청북도,제천시,수산면,43150330
충청북도,제천시,신백동,43150577
충청북도,제천시,영서동,43150547
충청북도,제천시,용두동,43150560
충청북도,제천시,의림지동,43150518
충청북도,제천시,중앙동,43150528
충청북도,제천시,청전동,43150590
충청북도,제천시,청풍면,43150320
충청북도,제천시,한수면,43150350
충청북도,제천시,화산동,43150605
충청북도,증평군,도안면,43745310
충청북도,증평군,증평읍,43745250
충청북도,진천군,광혜원면,43750370
충청북도,진천군,덕산읍,43750253
충청북도,진천군,문백면,43750330
충청북도,진천군,백곡면,43750340
충청북도,진천군,이월면,43750350
충청북도,진천군,진천읍,43750250
충청북도,진천군,초평면,43750320
충청북도,청주시 상당구,가덕면,43111330
충청북도,청주시 상당구,금천동,43111680
충청북도,청주시 상당구,남일면,43111340
충청북도,청주시 상당구,낭성면,43111310
충청북도,청주시 상당구,문의면,43111350
충청북도,청주시 상당구,미원면,43111320
충청북도,청주시 상당구,성안동,43111545
충청북도,청주시 상당구,영운동,43111670
충청북도,청주시 상당구,용담.명암.산성동,43111690
충청북도,청주시 상당구,용암1동,43111720
충청북도,청주시 상당구,용암2동,43111730
충청북도,청주시 상당구,중앙동,43111525
충청북도,청주시 상당구,탑대성동,43111620
충청북도,청주시 서원구,남이면,43112310
충청북도,청주시 서원구,모충동,43112540
충청북도,청주시 서원구,분평동,43112560
충청북도,청주시 서원구,사직1동,43112510
충청북도,청주시 서원구,사직2동,43112520
충청북도,청주시 서원구,사창동,43112530
충청북도,청주시 서원구,산남동,43112550
충청북도,청주시 서원구,성화.개신.죽림동,43112590
충청북도,청주시 서원구,수곡1동,43112570
충청북도,청주시 서원구,수곡2동,43112580
충청북도,청주시 서원구,현도면,43112320
충청북도,청주시 청원구,내덕1동,43114520
충청북도,청주시 청원구,내덕2동,43114530
충청북도,청주시 청원구,내수읍,43114250
충청북도,청주시 청원구,북이면,43114310
충청북도,청주시 청원구,오근장동,43114550
충청북도,청주시 청원구,오창읍,43114253
충청북도,청주시 청원구,우암동,43114510
충청북도,청주시 청원구,율량.사천동,43114540
충청북도,청주시 흥덕구,가경동,43113747
충청북도,청주시 흥덕구,강내면,43113310
충청북도,청주시 흥덕구,강서1동,43113760
충청북도,청주시 흥덕구,강서2동,43113770
충청북도,청주시 흥덕구,복대1동,43113741
충청북도,청주시 흥덕구,복대2동,43113742
충청북도,청주시 흥덕구,봉명1동,43113751
충청북도,청주시 흥덕구,봉명2.송정동,43113756
충청북도,청주시 흥덕구,오송읍,43113250
충청북도,청주시 흥덕구,옥산면,43113320
충청북도,청주시 흥덕구,운천.신봉동,43113700
충청북도,충주시,교현.안림동,43130535
충청북도,충주시,교현2동,43130540
충청북도,충주시,금가면,43130390
충청북도,충주시,노은면,43130360
충청북도,충주시,달천동,43130605
충청북도,충주시,대소원면,43130335
충청북도,충주시,동량면,43130400
충청북도,충주시,목행.용탄동,43130640
충청북도,충주시,문화동,43130571
충청북도,충주시,봉방동,43130610
충청북도,충주시,산척면,43130410
충청북도,충주시,살미면,43130310
충청북도,충주시,성내.충인동,43130515
충청북도,충주시,소태면,43130430
충청북도,충주시,수안보면,43130325
충청북도,충주시,신니면,43130350
충청북도,충주시,앙성면,43130370
충청북도,충주시,엄정면,43130420
충청북도,충주시,연수동,43130630
충청북도,충주시,용산동,43130550
충청북도,충주시,주덕읍,43130250
충청북도,충주시,중앙탑면,43130385
충청북도,충주시,지현동,43130560
충청북도,충주시,칠금.금릉동,43130625
충청북도,충주시,호암.직동,43130580
